Symbol,Date,Open,High,Low,Close,Volume
AAA.AX,16-Mar-2012,50.05,50.05,50.05,50.05,40
AAC.AX,16-Mar-2012,1.325,1.335,1.315,1.32,581362
AAD.AX,16-Mar-2012,1.115,1.13,1.105,1.105,2077502
AAI.AX,16-Mar-2012,9.7,9.7,9.7,9.7,0
AAJ.AX,16-Mar-2012,0.07,0.07,0.07,0.07,500000
AAK.AX,16-Mar-2012,0.001,0.001,0.001,0.001,112750
AAL.AX,16-Mar-2012,0.012,0.012,0.012,0.012,0
AAR.AX,16-Mar-2012,0.01,0.01,0.009,0.01,520000
AAT.AX,16-Mar-2012,0.013,0.013,0.013,0.013,0
AAU.AX,16-Mar-2012,0.195,0.195,0.19,0.19,70150
AAX.AX,16-Mar-2012,4.46,4.66,4.46,4.53,343588
ABC.AX,16-Mar-2012,2.9,2.96,2.89,2.93,3760504
ABP.AX,16-Mar-2012,1.92,1.96,1.92,1.93,1172439
ABU.AX,16-Mar-2012,0.048,0.05,0.048,0.05,69270011
ABV.AX,16-Mar-2012,0.017,0.017,0.017,0.017,0
ABW.AX,16-Mar-2012,1.115,1.115,1.115,1.115,0
ABY.AX,16-Mar-2012,0.775,0.79,0.76,0.775,528668
ACB.AX,16-Mar-2012,0.23,0.23,0.225,0.225,120330
ACE.AX,16-Mar-2012,0.019,0.019,0.019,0.019,0
ACG.AX,16-Mar-2012,0.065,0.065,0.065,0.065,0
ACK.AX,16-Mar-2012,0.115,0.115,0.115,0.115,0
ACL.AX,16-Mar-2012,0.46,0.49,0.46,0.48,1114928
ACP.AX,16-Mar-2012,0.2,0.2,0.2,0.2,0
ACR.AX,16-Mar-2012,3.8,3.91,3.79,3.9,4060215
ACS.AX,16-Mar-2012,0.3,0.3,0.3,0.3,0
ACU.AX,16-Mar-2012,0.001,0.001,0.001,0.001,0
ACW.AX,16-Mar-2012,0.026,0.026,0.026,0.026,0
ADA.AX,16-Mar-2012,0.3,0.3,0.3,0.3,0
ADD.AX,16-Mar-2012,0.013,0.013,0.013,0.013,16667
ADN.AX,16-Mar-2012,0.074,0.075,0.07,0.075,468638
ADO.AX,16-Mar-2012,0.079,0.08,0.077,0.078,2403387
ADQ.AX,16-Mar-2012,0.063,0.063,0.063,0.063,0
ADX.AX,16-Mar-2012,0.083,0.083,0.082,0.082,595200
ADY.AX,16-Mar-2012,0.048,0.05,0.048,0.05,1813478
AEB.AX,16-Mar-2012,0.38,0.385,0.38,0.38,101405
AED.AX,16-Mar-2012,0.145,0.145,0.145,0.145,0
AEE.AX,16-Mar-2012,0.185,0.185,0.185,0.185,92834
AEF.AX,16-Mar-2012,20,20,20,20,25
AEI.AX,16-Mar-2012,0.22,0.22,0.22,0.22,3600
AEJ.AX,16-Mar-2012,3.63,3.86,3.63,3.86,60
AES.AX,16-Mar-2012,0.035,0.035,0.035,0.035,0
AFA.AX,16-Mar-2012,0.155,0.155,0.155,0.155,69000
AFI.AX,16-Mar-2012,4.18,4.18,4.16,4.18,301308
AFIG.AX,16-Mar-2012,105,105.35,104.6,104.8,730
AFR.AX,16-Mar-2012,0.295,0.3,0.28,0.295,529268
AFT.AX,16-Mar-2012,0.001,0.001,0.001,0.001,2450000
AGD.AX,16-Mar-2012,0.22,0.22,0.22,0.22,0
AGE.AX,16-Mar-2012,0.18,0.185,0.18,0.185,270000
AGF.AX,16-Mar-2012,0.7,0.7,0.695,0.7,122604
AGG.AX,16-Mar-2012,7.41,7.43,7.41,7.43,432
AGI.AX,16-Mar-2012,1.31,1.495,1.31,1.4,1083509
AGJ.AX,16-Mar-2012,0.145,0.145,0.145,0.145,0
AGO.AX,16-Mar-2012,3.04,3.08,2.93,2.93,24120812
AGOKOQ.AX,16-Mar-2012,0.955,0.955,0.955,0.955,0
AGR.AX,16-Mar-2012,0.48,0.48,0.48,0.48,20000
AGS.AX,16-Mar-2012,0.365,0.37,0.35,0.365,344737
AGX.AX,16-Mar-2012,0.011,0.011,0.011,0.011,100000
AGY.AX,16-Mar-2012,0.073,0.073,0.073,0.073,0
AHD.AX,16-Mar-2012,6,6.09,6,6.07,22042
AHK.AX,16-Mar-2012,0.2,0.2,0.2,0.2,0
AHN.AX,16-Mar-2012,0.084,0.084,0.084,0.084,0
AHR.AX,16-Mar-2012,0.2,0.2,0.2,0.2,0
AHZ.AX,16-Mar-2012,0.032,0.032,0.03,0.03,6814850
AIA.AX,16-Mar-2012,1.9,1.9,1.9,1.9,558899
AIB.AX,16-Mar-2012,1.075,1.075,1.075,1.075,14147
AIK.AX,16-Mar-2012,0.071,0.071,0.071,0.071,0
AIO.AX,16-Mar-2012,4.93,4.95,4.87,4.9,5389756
AIOKOB.AX,16-Mar-2012,0.555,0.555,0.555,0.555,0
AIQ.AX,16-Mar-2012,0.51,0.51,0.51,0.51,0
AIR.AX,16-Mar-2012,0.47,0.47,0.41,0.415,13250
AIV.AX,16-Mar-2012,0.02,0.022,0.02,0.022,119434
AIY.AX,16-Mar-2012,0.01,0.01,0.01,0.01,0
AIZ.AX,16-Mar-2012,0.685,0.69,0.68,0.685,58000
AJA.AX,16-Mar-2012,2.16,2.28,2.12,2.15,380821
AJC.AX,16-Mar-2012,0.049,0.054,0.049,0.052,4603106
AJJ.AX,16-Mar-2012,0.12,0.12,0.12,0.12,0
AJL.AX,16-Mar-2012,1.14,1.15,1.12,1.135,193669
AJM.AX,16-Mar-2012,0.17,0.17,0.17,0.17,229500
AJO.AX,16-Mar-2012,1.79,1.79,1.79,1.79,0
AJX.AX,16-Mar-2012,0.096,0.097,0.092,0.092,329000
AKF.AX,16-Mar-2012,0.15,0.15,0.15,0.15,0
AKG.AX,16-Mar-2012,0.6,0.6,0.6,0.6,0
AKK.AX,16-Mar-2012,0.033,0.034,0.032,0.033,14374675
AKM.AX,16-Mar-2012,0.355,0.355,0.345,0.35,527257
AKP.AX,16-Mar-2012,6.5,6.5,6.5,6.5,200
AKY.AX,16-Mar-2012,99.45,99.45,99.45,99.45,0
ALF.AX,16-Mar-2012,1.195,1.195,1.195,1.195,44671
ALK.AX,16-Mar-2012,1.3,1.4,1.285,1.365,2075301
ALL.AX,16-Mar-2012,3.07,3.11,3.03,3.07,3299340
ALLKOB.AX,16-Mar-2012,1.06,1.06,1.06,1.06,0
ALR.AX,16-Mar-2012,1.055,1.07,1.055,1.055,28900
ALT.AX,16-Mar-2012,0.024,0.029,0.024,0.029,2148380
ALTO.AX,16-Mar-2012,0.004,0.004,0.004,0.004,200000
ALTOA.AX,16-Mar-2012,0.002,0.002,0.002,0.002,0
ALU.AX,16-Mar-2012,0.25,0.25,0.25,0.25,30000
ALY.AX,16-Mar-2012,0.165,0.17,0.165,0.17,175000
AMA.AX,16-Mar-2012,0.145,0.145,0.14,0.14,126430
AMB.AX,16-Mar-2012,0.17,0.17,0.17,0.17,32500
AMC.AX,16-Mar-2012,7.1,7.1,6.98,7.06,6398822
AMCKOP.AX,16-Mar-2012,1.32,1.32,1.32,1.32,0
AMCKOQ.AX,16-Mar-2012,2.88,2.88,2.88,2.88,0
AMH.AX,16-Mar-2012,0.7,0.7,0.695,0.695,60000
AMI.AX,16-Mar-2012,0.45,0.45,0.44,0.44,173500
AMO.AX,16-Mar-2012,0.25,0.25,0.25,0.25,15000
AMP.AX,16-Mar-2012,4.21,4.24,4.19,4.2,5556884
AMPKOA.AX,16-Mar-2012,1.2,1.2,1.2,1.2,0
AMPKOE.AX,16-Mar-2012,0.86,0.86,0.86,0.86,0
AMPKOQ.AX,16-Mar-2012,2.44,2.44,2.44,2.44,0
AMPLOA.AX,16-Mar-2012,0.205,0.205,0.205,0.205,0
AMPLOC.AX,16-Mar-2012,1.15,1.15,1.15,1.15,0
AMT.AX,16-Mar-2012,0.24,0.24,0.24,0.24,0
ANG.AX,16-Mar-2012,4.91,4.97,4.91,4.94,126874
ANN.AX,16-Mar-2012,14.84,14.99,14.82,14.85,615753
ANO.AX,16-Mar-2012,0.016,0.016,0.016,0.016,0
ANP.AX,16-Mar-2012,0.024,0.024,0.023,0.023,5725454
ANPO.AX,16-Mar-2012,0.013,0.013,0.013,0.013,250000
ANQ.AX,16-Mar-2012,0.043,0.043,0.043,0.043,25000
ANW.AX,16-Mar-2012,0.035,0.035,0.035,0.035,0
ANZ.AX,16-Mar-2012,22.33,22.51,22.3,22.51,7307750
ANZKOA.AX,16-Mar-2012,1.94,1.94,1.94,1.94,0
ANZKOE.AX,16-Mar-2012,6.49,6.49,6.49,6.49,0
ANZKOF.AX,16-Mar-2012,4.23,4.23,4.23,4.23,0
ANZKOG.AX,16-Mar-2012,4.87,4.87,4.87,4.87,0
ANZKOP.AX,16-Mar-2012,4.91,4.91,4.91,4.91,0
ANZKOQ.AX,16-Mar-2012,10.43,10.43,10.43,10.43,0
ANZKOR.AX,16-Mar-2012,1.89,1.89,1.89,1.89,20000
ANZKOS.AX,16-Mar-2012,3.09,3.09,3.09,3.09,0
ANZKOT.AX,16-Mar-2012,1.45,1.45,1.45,1.45,0
ANZLOC.AX,16-Mar-2012,3.76,3.8,3.76,3.8,5000
ANZLOD.AX,16-Mar-2012,3.3,3.3,3.3,3.3,1000
ANZLOQ.AX,16-Mar-2012,1.97,1.97,1.97,1.97,0
ANZLOS.AX,16-Mar-2012,0.6,0.6,0.6,0.6,0
ANZPA.AX,16-Mar-2012,98,98.5,97.803,98,22775
ANZPC.AX,16-Mar-2012,98,98,97.5,97.69,7362
AOA.AX,16-Mar-2012,0.2,0.2,0.2,0.2,0
AOD.AX,16-Mar-2012,0.935,0.935,0.935,0.935,0
AOH.AX,16-Mar-2012,0.305,0.31,0.295,0.3,1569476
AOK.AX,16-Mar-2012,0.145,0.145,0.14,0.14,2199617
AON.AX,16-Mar-2012,0.05,0.05,0.05,0.05,160000
AOP.AX,16-Mar-2012,0.006,0.006,0.006,0.006,3765002
APA.AX,16-Mar-2012,5.05,5.15,4.97,4.97,10266547
APD.AX,16-Mar-2012,0.165,0.165,0.165,0.165,40000
APE.AX,16-Mar-2012,13.4,13.57,13.4,13.57,1750
APG.AX,16-Mar-2012,0.037,0.038,0.037,0.038,572206
API.AX,16-Mar-2012,0.27,0.275,0.27,0.27,875925
APN.AX,16-Mar-2012,0.865,0.88,0.86,0.87,3484154
APZ.AX,16-Mar-2012,0.475,0.485,0.47,0.48,683336
AQC.AX,16-Mar-2012,0.034,0.034,0.034,0.034,200000
AQD.AX,16-Mar-2012,0.065,0.065,0.065,0.065,0
AQF.AX,16-Mar-2012,1.56,1.56,1.56,1.56,0
AQG.AX,16-Mar-2012,8.19,8.25,8.11,8.19,557880
AQP.AX,16-Mar-2012,2.3,2.32,2.26,2.28,743446
AQQ.AX,16-Mar-2012,0.055,0.055,0.054,0.054,86807
AQR.AX,16-Mar-2012,0.18,0.18,0.18,0.18,0
AQZ.AX,16-Mar-2012,2,2.05,2,2.05,24188
ARA.AX,16-Mar-2012,0.37,0.37,0.37,0.37,0
ARD.AX,16-Mar-2012,0.13,0.13,0.13,0.13,115210
ARE.AX,16-Mar-2012,0.062,0.063,0.062,0.063,12887
ARG.AX,16-Mar-2012,5.12,5.15,5.12,5.12,241476
ARH.AX,16-Mar-2012,0.195,0.195,0.17,0.17,1113268
ARM.AX,16-Mar-2012,0.098,0.1,0.098,0.1,261782
ARO.AX,16-Mar-2012,0.002,0.003,0.002,0.002,10160218
ARU.AX,16-Mar-2012,0.345,0.345,0.32,0.325,3375383
ARV.AX,16-Mar-2012,0.027,0.027,0.025,0.025,700000
ARW.AX,16-Mar-2012,0.013,0.014,0.013,0.014,2110000
ARX.AX,16-Mar-2012,0.008,0.008,0.008,0.008,1000000
ASB.AX,16-Mar-2012,1.695,1.695,1.65,1.665,2997010
ASL.AX,16-Mar-2012,4.14,4.16,4.09,4.11,1400091
ASP.AX,16-Mar-2012,0.11,0.11,0.11,0.11,0
ASW.AX,16-Mar-2012,0.715,0.715,0.715,0.715,0
ASX.AX,16-Mar-2012,31.12,31.27,30.84,31.19,618864
ASXKOP.AX,16-Mar-2012,7.5,7.5,7.5,7.5,0
ASZ.AX,16-Mar-2012,0.83,0.835,0.825,0.835,174078
ATI.AX,16-Mar-2012,0.545,0.61,0.545,0.575,1016494
ATM.AX,16-Mar-2012,1.25,1.25,1.25,1.25,0
ATP.AX,16-Mar-2012,0.054,0.054,0.054,0.054,337260
ATR.AX,16-Mar-2012,2.85,2.85,2.85,2.85,0
AUB.AX,16-Mar-2012,6.525,6.55,6.525,6.55,5275
AUC.AX,16-Mar-2012,0.89,0.89,0.89,0.89,30000
AUF.AX,16-Mar-2012,0.92,0.92,0.92,0.92,0
AUI.AX,16-Mar-2012,5.79,5.8,5.79,5.8,4310
AUK.AX,16-Mar-2012,0.078,0.092,0.078,0.092,526500
AUP.AX,16-Mar-2012,4.97,4.97,4.97,4.97,8737
AUQ.AX,16-Mar-2012,0.33,0.35,0.33,0.35,102813
AUZ.AX,16-Mar-2012,0.019,0.019,0.019,0.019,431490
AVB.AX,16-Mar-2012,0.105,0.105,0.099,0.099,5190736
AVD.AX,16-Mar-2012,0.004,0.004,0.004,0.004,68570
AVG.AX,16-Mar-2012,0.35,0.35,0.345,0.345,1100
AVH.AX,16-Mar-2012,0.235,0.24,0.23,0.23,862866
AVI.AX,16-Mar-2012,0.087,0.09,0.087,0.09,2213333
AVJ.AX,16-Mar-2012,0.395,0.395,0.395,0.395,11636
AVQ.AX,16-Mar-2012,0.032,0.032,0.03,0.03,6888340
AVX.AX,16-Mar-2012,0.03,0.031,0.03,0.031,407300
AVZ.AX,16-Mar-2012,0.064,0.064,0.064,0.064,0
AWC.AX,16-Mar-2012,1.225,1.23,1.19,1.205,21892502
AWCKOF.AX,16-Mar-2012,0.45,0.45,0.45,0.45,0
AWCKOH.AX,16-Mar-2012,0.545,0.545,0.545,0.545,0
AWCKOP.AX,16-Mar-2012,0.285,0.285,0.285,0.285,0
AWE.AX,16-Mar-2012,1.895,1.93,1.845,1.845,3849948
AWEKOP.AX,16-Mar-2012,1.04,1.04,1.04,1.04,0
AWEKOQ.AX,16-Mar-2012,0.715,0.715,0.715,0.715,0
AXE.AX,16-Mar-2012,0.31,0.345,0.31,0.32,4426234
AXI.AX,16-Mar-2012,0.032,0.032,0.032,0.032,0
AXT.AX,16-Mar-2012,0.04,0.04,0.04,0.04,0
AXZ.AX,16-Mar-2012,1.2,1.25,1.2,1.23,33682
AYA.AX,16-Mar-2012,0.235,0.235,0.235,0.235,30000
AYF.AX,16-Mar-2012,6.24,6.24,6.24,6.24,0
AYG.AX,16-Mar-2012,0.006,0.006,0.005,0.005,200000
AYI.AX,16-Mar-2012,0.015,0.015,0.014,0.014,1250000
AYM.AX,16-Mar-2012,0.084,0.084,0.08,0.08,255000
AYR.AX,16-Mar-2012,0.015,0.015,0.015,0.015,0
AYUHA.AX,16-Mar-2012,101.15,101.15,101.1,101.1,747
AZC.AX,16-Mar-2012,0.027,0.027,0.027,0.027,0
AZCCA.AX,16-Mar-2012,0.004,0.004,0.004,0.004,0
AZM.AX,16-Mar-2012,0.33,0.33,0.315,0.32,1186253
AZS.AX,16-Mar-2012,0.03,0.032,0.03,0.032,34973
AZV.AX,16-Mar-2012,0.033,0.033,0.033,0.033,0
AZY.AX,16-Mar-2012,0.085,0.085,0.085,0.085,0
AZYO.AX,16-Mar-2012,0.02,0.02,0.02,0.02,0
AZZ.AX,16-Mar-2012,0.41,0.43,0.41,0.425,279754
AZZG.AX,16-Mar-2012,2.05,2.05,2.05,2.05,0
BAR.AX,16-Mar-2012,0.033,0.033,0.033,0.033,56105
BAS.AX,16-Mar-2012,0.02,0.02,0.02,0.02,300000
BAU.AX,16-Mar-2012,0.135,0.135,0.135,0.135,305761
BBG.AX,16-Mar-2012,3.05,3.11,2.88,2.88,4844466
BBL.AX,16-Mar-2012,0.29,0.29,0.29,0.29,0
BBX.AX,16-Mar-2012,0.235,0.235,0.235,0.235,0
BCD.AX,16-Mar-2012,0.007,0.007,0.007,0.007,1500000
BCI.AX,16-Mar-2012,2.94,3.05,2.94,3,298327
BCN.AX,16-Mar-2012,0.007,0.009,0.007,0.009,3974999
BCS.AX,16-Mar-2012,0.9,0.9,0.9,0.9,0
BCT.AX,16-Mar-2012,0.21,0.21,0.21,0.21,0
BDI.AX,16-Mar-2012,0.006,0.006,0.006,0.006,0
BDR.AX,16-Mar-2012,0.715,0.715,0.675,0.675,8212990
BEL.AX,16-Mar-2012,0.19,0.19,0.19,0.19,45000
BEN.AX,16-Mar-2012,7.57,7.64,7.52,7.53,2011544
BENHB.AX,16-Mar-2012,68,68,68,68,0
BENKOB.AX,16-Mar-2012,1.04,1.04,1.04,1.04,0
BFG.AX,16-Mar-2012,0.55,0.56,0.55,0.56,6582
BGA.AX,16-Mar-2012,1.695,1.71,1.69,1.705,361010
BGD.AX,16-Mar-2012,0.038,0.038,0.038,0.038,0
BGG.AX,16-Mar-2012,0.22,0.235,0.21,0.235,191467
BGH.AX,16-Mar-2012,0.18,0.18,0.18,0.18,0
BGL.AX,16-Mar-2012,0.37,0.375,0.35,0.36,538534
BGS.AX,16-Mar-2012,0.045,0.045,0.045,0.045,0
BHP.AX,16-Mar-2012,35.18,35.19,34.8,34.97,11469822
BHPKOA.AX,16-Mar-2012,4.59,4.59,4.59,4.59,0
BHPKOH.AX,16-Mar-2012,8.48,8.48,8.48,8.48,5160
BHPKOK.AX,16-Mar-2012,3.13,3.13,3.13,3.13,0
BHPKOP.AX,16-Mar-2012,5.06,5.06,5.06,5.06,0
BHPKOQ.AX,16-Mar-2012,16.42,16.42,16.42,16.42,0
BHPKOU.AX,16-Mar-2012,7.41,7.41,7.41,7.41,0
BHPKOV.AX,16-Mar-2012,4.84,4.84,4.84,4.84,0
BHPLOD.AX,16-Mar-2012,5.88,5.88,5.88,5.88,0
BHPLOP.AX,16-Mar-2012,5.5,5.5,5.5,5.5,0
BHPLOR.AX,16-Mar-2012,8.7,8.7,8.7,8.7,0
BIC.AX,16-Mar-2012,0.08,0.08,0.08,0.08,0
BIS.AX,16-Mar-2012,1.645,1.645,1.62,1.62,16000
BIT.AX,16-Mar-2012,0.15,0.15,0.14,0.15,214000
BKI.AX,16-Mar-2012,1.2,1.205,1.195,1.205,200418
BKL.AX,16-Mar-2012,27.9,28.24,27.9,28.1,9968
BKM.AX,16-Mar-2012,0.004,0.004,0.004,0.004,0
BKN.AX,16-Mar-2012,8.62,8.68,8.45,8.55,1565240
BKP.AX,16-Mar-2012,0.014,0.014,0.014,0.014,2007000
BKW.AX,16-Mar-2012,10.49,10.55,10.44,10.55,13402
BKY.AX,16-Mar-2012,0.41,0.41,0.4,0.4,838086
BLA.AX,16-Mar-2012,0.95,0.95,0.95,0.95,2760
BLD.AX,16-Mar-2012,4.18,4.18,4.14,4.15,8868590
BLDKOB.AX,16-Mar-2012,2.06,2.06,2.06,2.06,0
BLDKOP.AX,16-Mar-2012,0.815,0.815,0.815,0.815,0
BLG.AX,16-Mar-2012,0.071,0.071,0.071,0.071,0
BLK.AX,16-Mar-2012,0.21,0.21,0.21,0.21,0
BLT.AX,16-Mar-2012,0.019,0.019,0.018,0.018,2034085
BLY.AX,16-Mar-2012,4.29,4.31,4.21,4.26,2621230
BLZ.AX,16-Mar-2012,0.001,0.001,0.001,0.001,0
BMG.AX,16-Mar-2012,0.05,0.05,0.05,0.05,0
BML.AX,16-Mar-2012,0.036,0.037,0.036,0.036,900000
BMN.AX,16-Mar-2012,0.195,0.2,0.195,0.2,208752
BMZ.AX,16-Mar-2012,0.295,0.31,0.295,0.3,155160
BND.AX,16-Mar-2012,0.79,0.795,0.78,0.79,480967
BNE.AX,16-Mar-2012,0.017,0.019,0.017,0.018,11471676
BNO.AX,16-Mar-2012,0.485,0.495,0.475,0.48,30998
BNR.AX,16-Mar-2012,0.115,0.115,0.115,0.115,0
BNT.AX,16-Mar-2012,0.025,0.025,0.025,0.025,0
BNV.AX,16-Mar-2012,0.007,0.007,0.007,0.007,0
BOC.AX,16-Mar-2012,0.845,0.845,0.845,0.845,6500
BOE.AX,16-Mar-2012,0.075,0.075,0.075,0.075,339000
BOL.AX,16-Mar-2012,0.275,0.275,0.27,0.275,287762
BOQ.AX,16-Mar-2012,7.24,7.31,7.23,7.23,899866
BOQKOB.AX,16-Mar-2012,1.81,1.81,1.81,1.81,0
BOQKOP.AX,16-Mar-2012,2,2,2,2,0
BPA.AX,16-Mar-2012,4.03,4.03,4.03,4.03,2527
BPG.AX,16-Mar-2012,0.002,0.003,0.002,0.003,1300000
BPH.AX,16-Mar-2012,0.033,0.033,0.033,0.033,16000
BPL.AX,16-Mar-2012,0.096,0.096,0.096,0.096,0
BPT.AX,16-Mar-2012,1.495,1.565,1.48,1.565,30855799
BPTKOA.AX,16-Mar-2012,0.775,0.775,0.775,0.775,0
BRC.AX,16-Mar-2012,0.25,0.25,0.25,0.25,0
BRD.AX,16-Mar-2012,0.006,0.006,0.006,0.006,5413904
BRG.AX,16-Mar-2012,3.55,3.72,3.54,3.72,923988
BRO.AX,16-Mar-2012,0.003,0.003,0.003,0.003,250000
BRU.AX,16-Mar-2012,2.87,2.99,2.77,2.95,3934145
BSA.AX,16-Mar-2012,0.255,0.26,0.255,0.26,224200
BSE.AX,16-Mar-2012,0.46,0.475,0.46,0.475,497767
BSL.AX,16-Mar-2012,2.49,2.49,2.4,2.46,32671095
BSLKOE.AX,16-Mar-2012,0.1,0.1,0.1,0.1,0
BSLKOP.AX,16-Mar-2012,0.3,0.3,0.3,0.3,0
BSLKOQ.AX,16-Mar-2012,0.235,0.235,0.235,0.235,0
BSM.AX,16-Mar-2012,0.083,0.083,0.083,0.083,0
BSN.AX,16-Mar-2012,0.046,0.046,0.046,0.046,0
BSR.AX,16-Mar-2012,0.054,0.055,0.051,0.054,736555
BTC.AX,16-Mar-2012,0.058,0.058,0.058,0.058,6000
BTN.AX,16-Mar-2012,0.07,0.07,0.07,0.07,0
BTT.AX,16-Mar-2012,2.03,2.1,2.03,2.08,82045
BUG.AX,16-Mar-2012,0.155,0.155,0.155,0.155,10000
BUL.AX,16-Mar-2012,0.084,0.084,0.082,0.082,883657
BUR.AX,16-Mar-2012,0.03,0.032,0.03,0.032,53333
BUX.AX,16-Mar-2012,0.135,0.135,0.135,0.135,163000
BUXO.AX,16-Mar-2012,0.09,0.09,0.09,0.09,0
BUY.AX,16-Mar-2012,0.028,0.032,0.028,0.03,28751095
BWF.AX,16-Mar-2012,0.135,0.135,0.135,0.135,1676
BWP.AX,16-Mar-2012,1.785,1.79,1.735,1.735,2338885
BXB.AX,16-Mar-2012,7,7.1,6.985,7.04,7100497
BXBKOP.AX,16-Mar-2012,1.565,1.565,1.565,1.565,0
BYI.AX,16-Mar-2012,0.79,0.79,0.79,0.79,0
BYL.AX,16-Mar-2012,0.345,0.345,0.345,0.345,35000
BYR.AX,16-Mar-2012,0.06,0.06,0.06,0.06,269000
BZL.AX,16-Mar-2012,0.11,0.11,0.11,0.11,0
CAA.AX,16-Mar-2012,0.17,0.17,0.17,0.17,352698
CAB.AX,16-Mar-2012,6,6.07,5.87,5.89,580727
CAF.AX,16-Mar-2012,0.4,0.4,0.4,0.4,0
CAJ.AX,16-Mar-2012,0.056,0.056,0.054,0.056,177857
CAM.AX,16-Mar-2012,0.94,0.945,0.94,0.94,30000
CAMPA.AX,16-Mar-2012,1.86,1.86,1.86,1.86,0
CAP.AX,16-Mar-2012,0.325,0.335,0.32,0.33,191583
CAQ.AX,16-Mar-2012,0.038,0.038,0.038,0.038,0
CAS.AX,16-Mar-2012,0.85,0.87,0.84,0.85,44390
CAV.AX,16-Mar-2012,0.039,0.039,0.039,0.039,0
CAY.AX,16-Mar-2012,0.58,0.58,0.58,0.58,23000
CAZ.AX,16-Mar-2012,0.355,0.38,0.355,0.38,181092
CBA.AX,16-Mar-2012,49.1,49.13,48.63,48.96,5468996
CBAHA.AX,16-Mar-2012,98.2,98.3,98.19,98.2,3183
CBAKOE.AX,16-Mar-2012,9.87,9.87,9.8,9.8,1956
CBAKOU.AX,16-Mar-2012,4.11,4.11,4.11,4.11,0
CBAKOZ.AX,16-Mar-2012,4.65,4.65,4.65,4.65,0
CBALOB.AX,16-Mar-2012,10.86,10.86,10.86,10.86,0
CBALOC.AX,16-Mar-2012,5.57,5.57,5.57,5.57,0
CBALOP.AX,16-Mar-2012,4.3,4.3,4.3,4.3,0
CBALOQ.AX,16-Mar-2012,3.08,3.08,3.08,3.08,0
CBALOS.AX,16-Mar-2012,3.65,3.65,3.65,3.65,0
CBQ.AX,16-Mar-2012,0.06,0.064,0.06,0.064,800000
CCC.AX,16-Mar-2012,0.24,0.24,0.235,0.24,2077330
CCF.AX,16-Mar-2012,0.25,0.25,0.25,0.25,0
CCJ.AX,16-Mar-2012,0.72,0.73,0.72,0.73,27077
CCL.AX,16-Mar-2012,12,12.01,11.89,11.94,3513567
CCP.AX,16-Mar-2012,5.91,6.05,5.85,5.9,85695
CCV.AX,16-Mar-2012,0.655,0.67,0.655,0.67,476553
CDA.AX,16-Mar-2012,1.42,1.42,1.34,1.35,43350
CDB.AX,16-Mar-2012,0.09,0.09,0.088,0.09,74000
CDD.AX,16-Mar-2012,6.67,6.77,6.64,6.69,608287
CDG.AX,16-Mar-2012,0.54,0.54,0.54,0.54,87000
CDH.AX,16-Mar-2012,0.01,0.01,0.01,0.01,0
CDM.AX,16-Mar-2012,1.36,1.36,1.35,1.35,24450
CDP.AX,16-Mar-2012,4.25,4.25,4.25,4.25,47117
CDT.AX,16-Mar-2012,0.23,0.25,0.23,0.25,135400
CDU.AX,16-Mar-2012,3.55,3.59,3.5,3.54,677967
CDY.AX,16-Mar-2012,0.012,0.012,0.012,0.012,2000000
CEL.AX,16-Mar-2012,0.075,0.081,0.072,0.072,4874180
CELO.AX,16-Mar-2012,0.003,0.003,0.003,0.003,0
CER.AX,16-Mar-2012,0.32,0.32,0.32,0.32,0
CFE.AX,16-Mar-2012,0.55,0.555,0.53,0.54,5151617
CFU.AX,16-Mar-2012,0.105,0.105,0.1,0.105,3950736
CGF.AX,16-Mar-2012,3.86,3.87,3.74,3.78,5083524
CGFKOB.AX,16-Mar-2012,0.995,0.995,0.995,0.995,0
CGFKOP.AX,16-Mar-2012,1.825,1.825,1.825,1.825,0
CGM.AX,16-Mar-2012,0.095,0.096,0.09,0.091,1106314
CGO.AX,16-Mar-2012,0.51,0.51,0.51,0.51,1725
CGR.AX,16-Mar-2012,0.105,0.105,0.105,0.105,0
CGS.AX,16-Mar-2012,0.255,0.255,0.255,0.255,0
CHC.AX,16-Mar-2012,2.31,2.31,2.22,2.24,974400
CHF.AX,16-Mar-2012,0.1,0.1,0.1,0.1,0
CHK.AX,16-Mar-2012,0.2,0.2,0.2,0.2,45000
CHN.AX,16-Mar-2012,0.235,0.235,0.235,0.235,20580
CHP.AX,16-Mar-2012,0.01,0.01,0.01,0.01,0
CHR.AX,16-Mar-2012,3.2,3.2,3.2,3.2,0
CHZ.AX,16-Mar-2012,0.7,0.71,0.7,0.7,70000
CII.AX,16-Mar-2012,0.51,0.51,0.51,0.51,0
CIN.AX,16-Mar-2012,16.25,16.25,16.25,16.25,617
CINPA.AX,16-Mar-2012,2.05,2.05,2.05,2.05,0
CIR.AX,16-Mar-2012,0.525,0.525,0.525,0.525,0
CIW.AX,16-Mar-2012,0.39,0.39,0.39,0.39,0
CKA.AX,16-Mar-2012,0.45,0.48,0.45,0.47,1657958
CKF.AX,16-Mar-2012,1.16,1.2,1.135,1.135,184920
CKL.AX,16-Mar-2012,0.69,0.69,0.68,0.68,2003188
CLH.AX,16-Mar-2012,0.83,0.83,0.82,0.82,46000
CLQ.AX,16-Mar-2012,0.145,0.185,0.145,0.185,786446
CLT.AX,16-Mar-2012,0.235,0.235,0.235,0.235,32799
CLV.AX,16-Mar-2012,0.32,0.32,0.32,0.32,0
CLX.AX,16-Mar-2012,1.45,1.45,1.45,1.45,0
CLY.AX,16-Mar-2012,0.045,0.045,0.045,0.045,100000
CMC.AX,16-Mar-2012,0.29,0.29,0.29,0.29,0
CMI.AX,16-Mar-2012,2.3,2.3,2.3,2.3,61950
CMP.AX,16-Mar-2012,0.08,0.08,0.08,0.08,0
CMW.AX,16-Mar-2012,0.72,0.73,0.715,0.73,1725591
CMY.AX,16-Mar-2012,0.033,0.033,0.033,0.033,0
CND.AX,16-Mar-2012,0.41,0.41,0.41,0.41,199760
CNI.AX,16-Mar-2012,0.42,0.42,0.42,0.42,2725
CNL.AX,16-Mar-2012,0.2,0.2,0.2,0.2,5000
CNLCA.AX,16-Mar-2012,0.12,0.12,0.12,0.12,0
CNQ.AX,16-Mar-2012,0.105,0.105,0.098,0.1,207500
CNU.AX,16-Mar-2012,2.82,2.84,2.75,2.78,467670
CNX.AX,16-Mar-2012,0.093,0.093,0.086,0.089,16832924
COE.AX,16-Mar-2012,0.53,0.54,0.515,0.54,1078746
COF.AX,16-Mar-2012,0.65,0.66,0.645,0.645,50857
COH.AX,16-Mar-2012,58.1,58.15,56.8,57.25,373111
COHKOD.AX,16-Mar-2012,19.98,19.98,19.98,19.98,0
COHKOS.AX,16-Mar-2012,13.29,13.29,13.29,13.29,0
COI.AX,16-Mar-2012,0.12,0.12,0.12,0.12,11923
COK.AX,16-Mar-2012,0.385,0.39,0.375,0.38,3536932
COM.AX,16-Mar-2012,0.042,0.042,0.042,0.042,0
COO.AX,16-Mar-2012,0.064,0.064,0.064,0.064,3000
COY.AX,16-Mar-2012,0.058,0.058,0.058,0.058,11886
CPD.AX,16-Mar-2012,0.85,0.85,0.85,0.85,0
CPS.AX,16-Mar-2012,0.042,0.042,0.042,0.042,0
CPU.AX,16-Mar-2012,8.39,8.5,8.32,8.4,2908434
CPUKOC.AX,16-Mar-2012,1.91,1.91,1.91,1.91,0
CPUKOP.AX,16-Mar-2012,1.71,1.71,1.71,1.71,0
CPUKOQ.AX,16-Mar-2012,2.66,2.66,2.66,2.66,0
CQR.AX,16-Mar-2012,3.08,3.12,3.06,3.08,1698277
CRB.AX,16-Mar-2012,0.14,0.14,0.13,0.13,47000
CRL.AX,16-Mar-2012,0.071,0.071,0.071,0.071,0
CRM.AX,16-Mar-2012,1.65,1.65,1.65,1.65,0
CRQ.AX,16-Mar-2012,0.11,0.11,0.11,0.11,0
CSD.AX,16-Mar-2012,0.072,0.074,0.072,0.074,90000
CSDO.AX,16-Mar-2012,0.024,0.024,0.024,0.024,0
CSE.AX,16-Mar-2012,0.095,0.1,0.095,0.1,845000
CSL.AX,16-Mar-2012,33.8,33.88,33.61,33.61,2951303
CSR.AX,16-Mar-2012,1.845,1.845,1.805,1.805,2133951
CSRKOQ.AX,16-Mar-2012,0.7,0.7,0.7,0.7,0
CSS.AX,16-Mar-2012,0.064,0.065,0.064,0.064,96014
CSV.AX,16-Mar-2012,0.63,0.64,0.61,0.62,534204
CTD.AX,16-Mar-2012,2.2,2.21,2.15,2.15,54561
CTE.AX,16-Mar-2012,0.125,0.125,0.125,0.125,0
CTM.AX,16-Mar-2012,0.515,0.515,0.505,0.51,255343
CTN.AX,16-Mar-2012,1.1,1.14,1.1,1.14,88846
CTO.AX,16-Mar-2012,0.065,0.068,0.065,0.068,258271
CTP.AX,16-Mar-2012,0.054,0.064,0.053,0.063,40135876
CTX.AX,16-Mar-2012,13.94,13.98,13.83,13.92,925711
CTXKOB.AX,16-Mar-2012,3.57,3.57,3.57,3.57,0
CTXKOQ.AX,16-Mar-2012,2.8,2.8,2.8,2.8,0
CUE.AX,16-Mar-2012,0.275,0.285,0.27,0.285,1036234
CUL.AX,16-Mar-2012,0.033,0.033,0.031,0.032,1327050
CUP.AX,16-Mar-2012,1.31,1.35,1.29,1.35,15843
CUV.AX,16-Mar-2012,1.81,1.81,1.81,1.81,5537
CUX.AX,16-Mar-2012,0.076,0.076,0.076,0.076,15000
CVC.AX,16-Mar-2012,0.855,0.855,0.855,0.855,0
CVE.AX,16-Mar-2012,0.14,0.14,0.14,0.14,0
CVEO.AX,16-Mar-2012,0.024,0.024,0.024,0.024,0
CVG.AX,16-Mar-2012,0.057,0.06,0.057,0.058,396334
CVN.AX,16-Mar-2012,0.12,0.12,0.115,0.115,13353739
CVR.AX,16-Mar-2012,0.029,0.037,0.029,0.034,10392688
CVS.AX,16-Mar-2012,0.011,0.011,0.011,0.011,0
CVW.AX,16-Mar-2012,0.45,0.45,0.45,0.45,9736
CWE.AX,16-Mar-2012,0.05,0.05,0.047,0.047,295800
CWH.AX,16-Mar-2012,0.15,0.15,0.15,0.15,0
CWN.AX,16-Mar-2012,8.63,8.69,8.57,8.65,3031815
CWNKOP.AX,16-Mar-2012,2.66,2.66,2.66,2.66,0
CWP.AX,16-Mar-2012,3.8,3.85,3.78,3.78,12720
CXM.AX,16-Mar-2012,0.3,0.3,0.295,0.295,144910
CXO.AX,16-Mar-2012,0.12,0.12,0.12,0.12,0
CXU.AX,16-Mar-2012,0.175,0.18,0.175,0.18,7500
CXX.AX,16-Mar-2012,0.2,0.2,0.2,0.2,20000
CYA.AX,16-Mar-2012,0.62,0.62,0.62,0.62,6975
CYC.AX,16-Mar-2012,0.036,0.036,0.036,0.036,0
CYG.AX,16-Mar-2012,2.74,2.74,2.7,2.7,8700
CYL.AX,16-Mar-2012,0.49,0.49,0.49,0.49,0
CYO.AX,16-Mar-2012,0.043,0.046,0.04,0.046,281063
CYS.AX,16-Mar-2012,0.19,0.195,0.19,0.19,82105
CYU.AX,16-Mar-2012,0.175,0.175,0.175,0.175,100000
CZA.AX,16-Mar-2012,1.01,1.045,0.975,1.03,181935
CZI.AX,16-Mar-2012,0.185,0.185,0.18,0.18,30000
CZN.AX,16-Mar-2012,0.072,0.074,0.072,0.074,458000
CZR.AX,16-Mar-2012,0.092,0.092,0.092,0.092,0
DAU.AX,16-Mar-2012,0.24,0.24,0.23,0.23,43410
DCG.AX,16-Mar-2012,2.84,2.91,2.83,2.9,586142
DDD.AX,16-Mar-2012,0.043,0.043,0.043,0.043,0
DDF.AX,16-Mar-2012,1.31,1.31,1.31,1.31,0
DDR.AX,16-Mar-2012,0.49,0.49,0.49,0.49,10000
DDT.AX,16-Mar-2012,0.025,0.025,0.025,0.025,0
DEG.AX,16-Mar-2012,0.019,0.019,0.019,0.019,25000
DGH.AX,16-Mar-2012,0.38,0.38,0.38,0.38,0
DGO.AX,16-Mar-2012,0.015,0.015,0.015,0.015,0
DGR.AX,16-Mar-2012,0.145,0.145,0.14,0.14,1856323
DGX.AX,16-Mar-2012,0.075,0.075,0.075,0.075,0
DIG.AX,16-Mar-2012,0.023,0.023,0.023,0.023,17500
DIT.AX,16-Mar-2012,1.96,1.96,1.96,1.96,0
DJW.AX,16-Mar-2012,3.64,3.64,3.63,3.64,57285
DLC.AX,16-Mar-2012,0.008,0.008,0.008,0.008,0
DLE.AX,16-Mar-2012,0.14,0.15,0.14,0.15,130000
DLS.AX,16-Mar-2012,1.34,1.42,1.305,1.38,10597916
DLX.AX,16-Mar-2012,3.05,3.05,2.97,2.98,821871
DMA.AX,16-Mar-2012,0.12,0.12,0.12,0.12,0
DMG.AX,16-Mar-2012,0.515,0.515,0.515,0.515,0
DMI.AX,16-Mar-2012,0.18,0.18,0.18,0.18,19000
DMP.AX,16-Mar-2012,8.75,8.83,8.67,8.7,13378
DOT.AX,16-Mar-2012,1.22,1.22,1.22,1.22,0
DOW.AX,16-Mar-2012,4.06,4.09,3.97,3.97,3042939
DOWKOA.AX,16-Mar-2012,1.76,1.76,1.76,1.76,0
DOWKOP.AX,16-Mar-2012,1.45,1.45,1.45,1.45,0
DRA.AX,16-Mar-2012,0.99,1.015,0.98,0.985,66692
DRG.AX,16-Mar-2012,0.5,0.5,0.49,0.49,67990
DRK.AX,16-Mar-2012,0.3,0.3,0.3,0.3,0
DRM.AX,16-Mar-2012,1.23,1.24,1.23,1.24,39716
DRX.AX,16-Mar-2012,0.068,0.068,0.066,0.066,200000
DRXO.AX,16-Mar-2012,0.015,0.015,0.015,0.015,0
DSB.AX,16-Mar-2012,0.8,0.82,0.8,0.8,126286
DTL.AX,16-Mar-2012,1.12,1.13,1.115,1.115,330596
DTM.AX,16-Mar-2012,0.135,0.14,0.13,0.135,178803
DUE.AX,16-Mar-2012,1.79,1.832,1.78,1.83,13816997
DUI.AX,16-Mar-2012,2.45,2.45,2.44,2.44,5250
DUO.AX,16-Mar-2012,0.15,0.16,0.145,0.16,210100
DVA.AX,16-Mar-2012,0.05,0.05,0.05,0.05,10672
DVN.AX,16-Mar-2012,0.69,0.695,0.68,0.695,98380
DWS.AX,16-Mar-2012,1.37,1.42,1.365,1.415,145963
DXS.AX,16-Mar-2012,5.16,5.22,5.16,5.16,32604798
DYE.AX,16-Mar-2012,0.185,0.19,0.18,0.185,195654
DYL.AX,16-Mar-2012,0.12,0.12,0.115,0.115,218030
EAL.AX,16-Mar-2012,0.18,0.18,0.18,0.18,0
EAR.AX,16-Mar-2012,0.081,0.081,0.081,0.081,0
EAX.AX,16-Mar-2012,1.945,1.945,1.94,1.94,22200
EBG.AX,16-Mar-2012,0.055,0.055,0.055,0.055,0
EBT.AX,16-Mar-2012,0.05,0.05,0.05,0.05,44599
EDE.AX,16-Mar-2012,0.03,0.033,0.03,0.031,850409
EDEO.AX,16-Mar-2012,0.005,0.005,0.005,0.005,573639
EEG.AX,16-Mar-2012,0.165,0.19,0.165,0.18,5905957
EER.AX,16-Mar-2012,0.26,0.285,0.26,0.28,642582
EEU.AX,16-Mar-2012,12.56,12.56,12.56,12.56,0
EFE.AX,16-Mar-2012,0.075,0.075,0.075,0.075,0
EGH.AX,16-Mar-2012,0.06,0.06,0.06,0.06,0
EGL.AX,16-Mar-2012,0.05,0.05,0.05,0.05,0
EGN.AX,16-Mar-2012,0.9,0.9,0.9,0.9,14000
EGO.AX,16-Mar-2012,0.018,0.019,0.018,0.019,8940889
EGY.AX,16-Mar-2012,0.031,0.031,0.031,0.031,0
EHL.AX,16-Mar-2012,1.1,1.12,1.09,1.095,2838530
ELD.AX,16-Mar-2012,0.22,0.22,0.21,0.21,13042630
ELDPA.AX,16-Mar-2012,33,33,33,33,450
ELK.AX,16-Mar-2012,0.18,0.18,0.175,0.175,100950
ELM.AX,16-Mar-2012,1.15,1.18,1.14,1.15,200318
ELT.AX,16-Mar-2012,0.155,0.16,0.155,0.155,91000
ELX.AX,16-Mar-2012,0.19,0.19,0.19,0.19,50000
EMB.AX,16-Mar-2012,8.2,8.2,8.2,8.2,500
EME.AX,16-Mar-2012,0.315,0.315,0.315,0.315,0
EMG.AX,16-Mar-2012,0.044,0.044,0.044,0.044,0
EMR.AX,16-Mar-2012,0.032,0.032,0.032,0.032,818926
EMU.AX,16-Mar-2012,0.1,0.1,0.1,0.1,85291
EMX.AX,16-Mar-2012,0.04,0.04,0.04,0.04,14117
ENB.AX,16-Mar-2012,0.035,0.035,0.035,0.035,57142
ENL.AX,16-Mar-2012,0.021,0.021,0.021,0.021,0
ENLOA.AX,16-Mar-2012,0.004,0.004,0.004,0.004,0
ENR.AX,16-Mar-2012,0.4,0.45,0.4,0.45,90626
ENT.AX,16-Mar-2012,0.175,0.175,0.175,0.175,0
EOL.AX,16-Mar-2012,0.1,0.1,0.1,0.1,0
EOS.AX,16-Mar-2012,0.53,0.53,0.53,0.53,5000
EPD.AX,16-Mar-2012,0.34,0.34,0.34,0.34,31500
EPW.AX,16-Mar-2012,1.65,1.7,1.65,1.7,97508
EPX.AX,16-Mar-2012,2.04,2.04,2.01,2.02,54544
EQT.AX,16-Mar-2012,13,13,13,13,650
EQU.AX,16-Mar-2012,0.235,0.24,0.235,0.24,78322
EQX.AX,16-Mar-2012,2.71,2.77,2.6,2.75,347764
ERA.AX,16-Mar-2012,1.33,1.33,1.285,1.305,1945329
ERD.AX,16-Mar-2012,0.18,0.18,0.18,0.18,0
ERDO.AX,16-Mar-2012,0.04,0.04,0.04,0.04,0
ERJ.AX,16-Mar-2012,0.015,0.015,0.014,0.014,4308945
ERJO.AX,16-Mar-2012,0.002,0.002,0.002,0.002,0
ERL.AX,16-Mar-2012,0.045,0.045,0.045,0.045,99700
ERM.AX,16-Mar-2012,0.23,0.24,0.225,0.235,459389
ESI.AX,16-Mar-2012,0.014,0.015,0.014,0.015,15462647
ESM.AX,16-Mar-2012,0.052,0.052,0.052,0.052,0
ESV.AX,16-Mar-2012,0.32,0.32,0.32,0.32,3000
ETE.AX,16-Mar-2012,0.135,0.135,0.13,0.135,402552
ETPMAG.AX,16-Mar-2012,30.26,30.26,30.01,30.01,0
ETPMPD.AX,16-Mar-2012,64.8,65.38,64.8,65.38,0
ETPMPM.AX,16-Mar-2012,126.76,126.76,126.55,126.55,0
ETPMPT.AX,16-Mar-2012,156.72,156.72,155.96,155.96,0
ETSAPL.AX,16-Mar-2012,580,580,580,580,9
ETSBAC.AX,16-Mar-2012,8.72,8.72,8.72,8.72,1450
ETSBOE.AX,16-Mar-2012,62.39,62.39,62.39,62.39,0
ETSBRK.AX,16-Mar-2012,72.53,72.53,72.53,72.53,0
ETSCAT.AX,16-Mar-2012,105.9,105.9,105.9,105.9,0
ETSCIT.AX,16-Mar-2012,34.26,34.26,34.26,34.26,350
ETSCSC.AX,16-Mar-2012,19,19,19,19,0
ETSCVX.AX,16-Mar-2012,105.46,105.46,105.46,105.46,0
ETSGEL.AX,16-Mar-2012,17.98,17.98,17.98,17.98,0
ETSHDP.AX,16-Mar-2012,41.71,41.71,41.71,41.71,0
ETSMCD.AX,16-Mar-2012,92.75,92.75,92.75,92.75,0
ETSMMM.AX,16-Mar-2012,81.55,81.55,81.55,81.55,0
ETSMRK.AX,16-Mar-2012,36.53,36.53,36.53,36.53,0
ETSMSF.AX,16-Mar-2012,30.24,30.24,30.24,30.24,0
ETSORC.AX,16-Mar-2012,28.41,28.41,28.41,28.41,0
ETSPFE.AX,16-Mar-2012,20.79,20.79,20.79,20.79,0
ETSPGB.AX,16-Mar-2012,59,59,59,59,0
EUG.AX,16-Mar-2012,0.155,0.155,0.155,0.155,0
EVE.AX,16-Mar-2012,0.035,0.035,0.035,0.035,0
EVM.AX,16-Mar-2012,0.047,0.047,0.047,0.047,90000
EVN.AX,16-Mar-2012,1.86,1.92,1.855,1.89,23456898
EVR.AX,16-Mar-2012,2.28,2.36,2.25,2.27,288619
EVZ.AX,16-Mar-2012,0.036,0.036,0.036,0.036,30000
EWC.AX,16-Mar-2012,0.74,0.76,0.74,0.75,2437135
EXC.AX,16-Mar-2012,0.059,0.06,0.059,0.06,25000
EXE.AX,16-Mar-2012,0.17,0.17,0.16,0.16,274119
EXG.AX,16-Mar-2012,0.13,0.13,0.125,0.125,128551
EXM.AX,16-Mar-2012,0.002,0.002,0.002,0.002,0
EXR.AX,16-Mar-2012,0.072,0.073,0.07,0.072,775126
EZA.AX,16-Mar-2012,0.45,0.45,0.45,0.45,0
EZL.AX,16-Mar-2012,1.36,1.375,1.36,1.36,20400
FAN.AX,16-Mar-2012,2.36,2.44,2.36,2.39,2452
FAR.AX,16-Mar-2012,0.047,0.047,0.046,0.046,5002090
FAS.AX,16-Mar-2012,0.034,0.036,0.033,0.036,709117
FBU.AX,16-Mar-2012,5.49,5.53,5.3,5.31,8310331
FCN.AX,16-Mar-2012,0.066,0.066,0.066,0.066,144000
FCR.AX,16-Mar-2012,0.07,0.07,0.07,0.07,0
FEL.AX,16-Mar-2012,0.07,0.07,0.07,0.07,0
FFI.AX,16-Mar-2012,3.5,3.5,3.5,3.5,0
FGF.AX,16-Mar-2012,0.001,0.001,0.001,0.001,0
FGI.AX,16-Mar-2012,0.07,0.07,0.07,0.07,0
FIE.AX,16-Mar-2012,0.15,0.15,0.15,0.15,0
FLK.AX,16-Mar-2012,0.085,0.085,0.085,0.085,0
FLR.AX,16-Mar-2012,0.012,0.012,0.012,0.012,0
FLT.AX,16-Mar-2012,21.68,22.01,21.51,21.73,477968
FMG.AX,16-Mar-2012,5.96,6.03,5.8,5.81,36394049
FMGKOD.AX,16-Mar-2012,1.2,1.2,1.1,1.1,17000
FMGKOH.AX,16-Mar-2012,1.58,1.58,1.58,1.58,0
FMGKOI.AX,16-Mar-2012,2.63,2.63,2.63,2.63,0
FMGKOK.AX,16-Mar-2012,2.19,2.19,2.19,2.19,20000
FMGKOL.AX,16-Mar-2012,1.385,1.385,1.385,1.385,0
FMGKOT.AX,16-Mar-2012,1.01,1.01,1.01,1.01,0
FML.AX,16-Mar-2012,0.049,0.051,0.049,0.05,17070831
FMS.AX,16-Mar-2012,0.295,0.3,0.295,0.3,2000317
FND.AX,16-Mar-2012,0.41,0.42,0.4,0.42,37435
FNP.AX,16-Mar-2012,0.57,0.6,0.57,0.6,97000
FNT.AX,16-Mar-2012,0.1,0.1,0.096,0.1,175132
FPH.AX,16-Mar-2012,1.88,1.88,1.88,1.88,0
FRC.AX,16-Mar-2012,0.16,0.16,0.16,0.16,0
FRE.AX,16-Mar-2012,0.001,0.001,0.001,0.001,0
FRI.AX,16-Mar-2012,0.975,0.975,0.97,0.97,17721
FRM.AX,16-Mar-2012,0.09,0.09,0.09,0.09,22600
FRY.AX,16-Mar-2012,0.12,0.12,0.12,0.12,0
FSA.AX,16-Mar-2012,0.32,0.32,0.32,0.32,0
FSE.AX,16-Mar-2012,0.007,0.007,0.007,0.007,43415
FUN.AX,16-Mar-2012,0.155,0.155,0.155,0.155,17200
FWD.AX,16-Mar-2012,12.18,12.44,11.85,11.85,221193
FWL.AX,16-Mar-2012,0.051,0.051,0.051,0.051,0
FXEKOS.AX,16-Mar-2012,9.87,9.87,9.87,9.87,0
FXJ.AX,16-Mar-2012,0.775,0.78,0.765,0.765,4664649
FXL.AX,16-Mar-2012,2.26,2.27,2.22,2.25,218142
FXR.AX,16-Mar-2012,0.079,0.085,0.077,0.077,175702
FXUKOA.AX,16-Mar-2012,11.15,11.15,11.15,11.15,0
FXUKOE.AX,16-Mar-2012,9.71,9.71,9.71,9.71,0
FXUKOS.AX,16-Mar-2012,4.63,4.63,4.55,4.55,8950
FXUKOT.AX,16-Mar-2012,7.57,7.57,7.57,7.57,0
FXUKOW.AX,16-Mar-2012,5.31,5.31,5.31,5.31,0
FYI.AX,16-Mar-2012,0.043,0.043,0.043,0.043,0
GAP.AX,16-Mar-2012,0.26,0.26,0.26,0.26,588189
GBA.AX,16-Mar-2012,0.08,0.08,0.08,0.08,30000
GBE.AX,16-Mar-2012,0.185,0.205,0.185,0.195,1076373
GBG.AX,16-Mar-2012,0.65,0.655,0.635,0.64,2820757
GBI.AX,16-Mar-2012,0.17,0.18,0.17,0.18,87213
GBM.AX,16-Mar-2012,0.016,0.019,0.015,0.015,1811418
GBP.AX,16-Mar-2012,0.25,0.25,0.245,0.245,25000
GBT.AX,16-Mar-2012,0.85,0.85,0.85,0.85,0
GBX.AX,16-Mar-2012,0.013,0.013,0.013,0.013,28334
GBZ.AX,16-Mar-2012,0.099,0.105,0.099,0.105,90765
GCN.AX,16-Mar-2012,0.034,0.036,0.033,0.036,7262214
GCR.AX,16-Mar-2012,0.011,0.011,0.011,0.011,645249
GCS.AX,16-Mar-2012,1.45,1.5,1.45,1.5,323660
GCY.AX,16-Mar-2012,0.235,0.24,0.235,0.24,25000
GDA.AX,16-Mar-2012,0.003,0.003,0.003,0.003,1650000
GDY.AX,16-Mar-2012,0.16,0.165,0.16,0.165,438875
GED.AX,16-Mar-2012,0.08,0.08,0.08,0.08,0
GEM.AX,16-Mar-2012,0.85,0.85,0.85,0.85,2036
GER.AX,16-Mar-2012,0.06,0.06,0.06,0.06,5500
GES.AX,16-Mar-2012,0.06,0.06,0.06,0.06,10000
GFL.AX,16-Mar-2012,0.56,0.56,0.56,0.56,0
GGE.AX,16-Mar-2012,0.003,0.003,0.003,0.003,1800000
GGG.AX,16-Mar-2012,0.49,0.49,0.475,0.475,390882
GGH.AX,16-Mar-2012,0.035,0.035,0.035,0.035,0
GGX.AX,16-Mar-2012,0.045,0.05,0.045,0.05,40000
GHC.AX,16-Mar-2012,0.84,0.84,0.84,0.84,30392
GID.AX,16-Mar-2012,0.95,1,0.95,0.95,146000
GJT.AX,16-Mar-2012,0.605,0.605,0.605,0.605,740
GLA.AX,16-Mar-2012,0.06,0.06,0.06,0.06,0
GLB.AX,16-Mar-2012,0.4,0.4,0.4,0.4,20000
GLE.AX,16-Mar-2012,0.25,0.25,0.25,0.25,907
GLF.AX,16-Mar-2012,0.015,0.015,0.015,0.015,3022162
GLH.AX,16-Mar-2012,0.004,0.004,0.004,0.004,0
GLL.AX,16-Mar-2012,0.165,0.165,0.165,0.165,3500
GLN.AX,16-Mar-2012,0.012,0.012,0.012,0.012,0
GMD.AX,16-Mar-2012,0.17,0.17,0.17,0.17,33333
GME.AX,16-Mar-2012,0.06,0.06,0.06,0.06,0
GMG.AX,16-Mar-2012,3.525,3.6,3.5,3.6,82714662
GML.AX,16-Mar-2012,0.035,0.035,0.035,0.035,0
GMM.AX,16-Mar-2012,0.105,0.105,0.105,0.105,0
GMPPA.AX,16-Mar-2012,85.8,86,85.8,86,4250
GMR.AX,16-Mar-2012,0.225,0.23,0.225,0.23,830916
GNC.AX,16-Mar-2012,8.75,8.89,8.75,8.89,1962658
GNG.AX,16-Mar-2012,1.66,1.695,1.65,1.695,54184
GNV.AX,16-Mar-2012,0.055,0.055,0.055,0.055,0
GOLD.AX,16-Mar-2012,152.2,152.86,152.2,152.84,5902
GOR.AX,16-Mar-2012,0.335,0.345,0.33,0.34,8716085
GOW.AX,16-Mar-2012,2.25,2.25,2.25,2.25,2176
GOZ.AX,16-Mar-2012,2.05,2.05,2.05,2.05,359171
GPH.AX,16-Mar-2012,0.2,0.2,0.2,0.2,0
GPP.AX,16-Mar-2012,0.05,0.05,0.045,0.045,412951
GPR.AX,16-Mar-2012,0.24,0.24,0.24,0.24,0
GPT.AX,16-Mar-2012,3.13,3.14,3.09,3.09,20197948
GRB.AX,16-Mar-2012,0.057,0.057,0.056,0.056,19728
GRF.AX,16-Mar-2012,1.62,1.62,1.62,1.62,0
GRG.AX,16-Mar-2012,0.13,0.13,0.125,0.125,50000
GRR.AX,16-Mar-2012,0.61,0.625,0.605,0.615,3914278
GRV.AX,16-Mar-2012,0.082,0.082,0.082,0.082,0
GRY.AX,16-Mar-2012,1.125,1.135,1.115,1.125,1387874
GSC.AX,16-Mar-2012,0.062,0.062,0.062,0.062,10000
GSE.AX,16-Mar-2012,0.022,0.022,0.022,0.022,0
GTE.AX,16-Mar-2012,0.29,0.3,0.29,0.3,85745
GTG.AX,16-Mar-2012,0.1,0.1,0.095,0.098,745919
GTR.AX,16-Mar-2012,0.055,0.055,0.055,0.055,0
GUD.AX,16-Mar-2012,7.66,7.79,7.64,7.73,269422
GUF.AX,16-Mar-2012,0.73,0.735,0.71,0.71,571028
GUL.AX,16-Mar-2012,0.08,0.08,0.08,0.08,0
GWA.AX,16-Mar-2012,2.24,2.27,2.23,2.24,712985
GWR.AX,16-Mar-2012,0.365,0.365,0.365,0.365,10000
GXL.AX,16-Mar-2012,2.04,2.08,2.04,2.06,5772
GXN.AX,16-Mar-2012,0.009,0.009,0.009,0.009,358500
GXY.AX,16-Mar-2012,0.845,0.875,0.835,0.875,1304911
GZL.AX,16-Mar-2012,2,2,2,2,0
HAO.AX,16-Mar-2012,0.125,0.13,0.125,0.13,35361
HAR.AX,16-Mar-2012,0.48,0.54,0.48,0.53,736415
HAS.AX,16-Mar-2012,0.125,0.13,0.125,0.13,334600
HAV.AX,16-Mar-2012,0.62,0.62,0.62,0.62,18300
HAVO.AX,16-Mar-2012,0.22,0.22,0.22,0.22,0
HAW.AX,16-Mar-2012,0.012,0.013,0.012,0.013,2299167
HAZ.AX,16-Mar-2012,0.085,0.085,0.08,0.082,323427
HCH.AX,16-Mar-2012,0.68,0.7,0.67,0.69,120556
HCT.AX,16-Mar-2012,0.115,0.115,0.115,0.115,0
HDG.AX,16-Mar-2012,0.29,0.29,0.285,0.29,67000
HEG.AX,16-Mar-2012,0.025,0.025,0.024,0.024,359143
HFA.AX,16-Mar-2012,0.85,0.85,0.85,0.85,42000
HFR.AX,16-Mar-2012,0.21,0.21,0.21,0.21,0
HGG.AX,16-Mar-2012,1.84,1.855,1.81,1.84,10463436
HGL.AX,16-Mar-2012,0.082,0.082,0.082,0.082,0
HGO.AX,16-Mar-2012,0.255,0.27,0.255,0.265,20005155
HHL.AX,16-Mar-2012,3.91,3.93,3.91,3.91,16182
HHM.AX,16-Mar-2012,0.08,0.08,0.08,0.08,0
HHV.AX,16-Mar-2012,0.72,0.735,0.72,0.735,233084
HHY.AX,16-Mar-2012,1.23,1.23,1.2,1.2,163781
HIG.AX,16-Mar-2012,0.205,0.21,0.205,0.21,385658
HIL.AX,16-Mar-2012,1.11,1.11,1.09,1.09,195449
HIT.AX,16-Mar-2012,0.035,0.035,0.035,0.035,0
HJB.AX,16-Mar-2012,0.03,0.03,0.03,0.03,0
HLS.AX,16-Mar-2012,0.02,0.02,0.02,0.02,0
HLX.AX,16-Mar-2012,0.06,0.06,0.058,0.058,109050
HNG.AX,16-Mar-2012,1,1,0.945,0.95,139830
HNR.AX,16-Mar-2012,0.093,0.093,0.093,0.093,62500
HOG.AX,16-Mar-2012,0.19,0.19,0.18,0.18,76375
HOM.AX,16-Mar-2012,0.575,0.575,0.575,0.575,0
HOR.AX,16-Mar-2012,0.315,0.315,0.305,0.31,197014
HRL.AX,16-Mar-2012,0.066,0.072,0.066,0.072,427300
HRR.AX,16-Mar-2012,0.18,0.18,0.18,0.18,5245
HSK.AX,16-Mar-2012,0.155,0.17,0.155,0.17,352437
HSN.AX,16-Mar-2012,0.935,0.95,0.935,0.945,123411
HTA.AX,16-Mar-2012,0.043,0.043,0.043,0.043,41302
HUB.AX,16-Mar-2012,0.065,0.066,0.065,0.066,490000
HVN.AX,16-Mar-2012,1.94,1.95,1.92,1.95,2780341
HVNKOA.AX,16-Mar-2012,0.565,0.565,0.565,0.565,0
HVNKOP.AX,16-Mar-2012,0.67,0.67,0.67,0.67,0
HZN.AX,16-Mar-2012,0.31,0.325,0.305,0.31,7592959
IAA.AX,16-Mar-2012,43.04,43.44,43.04,43.14,6043
IAF.AX,16-Mar-2012,99.15,99.15,99.15,99.15,95
IAG.AX,16-Mar-2012,3.37,3.38,3.31,3.35,7959257
IAGKOA.AX,16-Mar-2012,1.245,1.245,1.245,1.245,0
IAGKOB.AX,16-Mar-2012,0.85,0.85,0.85,0.85,0
IANG.AX,16-Mar-2012,101.6,102,101.45,101.6,2364
IAT.AX,16-Mar-2012,0.016,0.016,0.016,0.016,0
IAU.AX,16-Mar-2012,0.835,0.86,0.815,0.815,5816473
IBC.AX,16-Mar-2012,0.48,0.48,0.48,0.48,30000
IBG.AX,16-Mar-2012,0.22,0.22,0.215,0.215,154000
IBK.AX,16-Mar-2012,40.83,41.04,40.83,41.04,1303
ICN.AX,16-Mar-2012,0.26,0.26,0.25,0.255,432061
ICS.AX,16-Mar-2012,0.012,0.012,0.012,0.012,22987
ICZ.AX,16-Mar-2012,0.275,0.275,0.275,0.275,25000
IDC.AX,16-Mar-2012,0.145,0.145,0.145,0.145,50000
IDM.AX,16-Mar-2012,0.125,0.125,0.125,0.125,4000
IDO.AX,16-Mar-2012,0.225,0.225,0.22,0.22,125000
IDP.AX,16-Mar-2012,0.002,0.002,0.002,0.002,0
IDT.AX,16-Mar-2012,0.35,0.35,0.35,0.35,2000
IEC.AX,16-Mar-2012,0.31,0.31,0.31,0.31,3129
IEM.AX,16-Mar-2012,42.09,42.18,41.67,41.88,3415
IEQ.AX,16-Mar-2012,0.01,0.01,0.01,0.01,0
IEU.AX,16-Mar-2012,35.9,35.94,35.9,35.92,542
IFL.AX,16-Mar-2012,5.5,5.54,5.42,5.47,681880
IFM.AX,16-Mar-2012,0.2,0.205,0.2,0.2,364635
IFN.AX,16-Mar-2012,0.245,0.255,0.235,0.235,3374626
IFZ.AX,16-Mar-2012,1.43,1.43,1.43,1.43,0
IGB.AX,16-Mar-2012,98.93,98.93,98.93,98.93,0
IGO.AX,16-Mar-2012,4.17,4.17,4.09,4.12,1028916
IGOKOP.AX,16-Mar-2012,3.08,3.08,3.08,3.08,0
IGS.AX,16-Mar-2012,0.042,0.042,0.041,0.041,1250000
IHD.AX,16-Mar-2012,14.2,14.25,14.19,14.21,22050
IHK.AX,16-Mar-2012,17.17,17.36,17.17,17.36,180
IJH.AX,16-Mar-2012,95.02,95.02,95.02,95.02,1
IJP.AX,16-Mar-2012,9.53,9.57,9.53,9.57,2950
IJR.AX,16-Mar-2012,72.68,72.68,72.68,72.68,3
IKO.AX,16-Mar-2012,57.59,57.59,57.59,57.59,4
IKW.AX,16-Mar-2012,0.235,0.235,0.23,0.235,180200
ILB.AX,16-Mar-2012,97.85,97.89,97.85,97.89,128
ILC.AX,16-Mar-2012,18.3,18.32,18.26,18.32,11805
ILU.AX,16-Mar-2012,16.62,16.76,16.6,16.61,2374736
IMA.AX,16-Mar-2012,0.395,0.395,0.395,0.395,0
IMC.AX,16-Mar-2012,0.025,0.026,0.024,0.025,344000
IMD.AX,16-Mar-2012,2.85,2.88,2.83,2.87,630310
IMF.AX,16-Mar-2012,1.385,1.405,1.375,1.38,267507
IMI.AX,16-Mar-2012,0.006,0.006,0.006,0.006,68000
IMU.AX,16-Mar-2012,0.01,0.01,0.01,0.01,0
INL.AX,16-Mar-2012,0.012,0.012,0.012,0.012,109698
IOF.AX,16-Mar-2012,0.61,0.615,0.61,0.61,14845038
IOG.AX,16-Mar-2012,0.26,0.26,0.26,0.26,1000
IOO.AX,16-Mar-2012,60.55,60.81,60.4,60.62,7446
IOZ.AX,16-Mar-2012,18.53,18.58,18.5,18.54,7871
IPC.AX,16-Mar-2012,0.97,0.97,0.97,0.97,0
IPD.AX,16-Mar-2012,0.48,0.5,0.48,0.5,179939
IPE.AX,16-Mar-2012,0.355,0.355,0.355,0.355,0
IPL.AX,16-Mar-2012,3.27,3.34,3.26,3.28,59211201
IPLKOA.AX,16-Mar-2012,1.04,1.04,1.04,1.04,5000
IPLKOF.AX,16-Mar-2012,0.565,0.565,0.565,0.565,0
IPLKOP.AX,16-Mar-2012,0.935,0.935,0.935,0.935,0
IPLKOQ.AX,16-Mar-2012,0.87,0.87,0.87,0.87,0
IPP.AX,16-Mar-2012,1.13,1.16,1.13,1.16,278780
IPT.AX,16-Mar-2012,0.061,0.061,0.061,0.061,2350
IRC.AX,16-Mar-2012,0.115,0.12,0.105,0.115,267857
IRCO.AX,16-Mar-2012,0.01,0.01,0.01,0.01,0
IRD.AX,16-Mar-2012,0.62,0.62,0.6,0.62,19520
IRE.AX,16-Mar-2012,7.07,7.1,7.05,7.08,424619
IRI.AX,16-Mar-2012,0.72,0.72,0.72,0.72,33600
IRL.AX,16-Mar-2012,0.005,0.006,0.005,0.006,2466333
IRM.AX,16-Mar-2012,0.045,0.045,0.045,0.045,6928
IRU.AX,16-Mar-2012,79.01,79.01,79.01,79.01,68
ISG.AX,16-Mar-2012,12.27,12.27,12.21,12.21,1282
ISH.AX,16-Mar-2012,0.23,0.23,0.23,0.23,0
ISN.AX,16-Mar-2012,0.005,0.005,0.005,0.005,1400000
ISO.AX,16-Mar-2012,4.61,4.62,4.61,4.62,8000
ITD.AX,16-Mar-2012,0.135,0.135,0.13,0.135,2015000
ITW.AX,16-Mar-2012,12.96,12.96,12.96,12.96,3
IVC.AX,16-Mar-2012,7.89,7.89,7.8,7.8,296786
IVE.AX,16-Mar-2012,52.5,52.53,52.45,52.5,1568
IVR.AX,16-Mar-2012,0.335,0.345,0.315,0.315,6867091
IVT.AX,16-Mar-2012,0.01,0.01,0.01,0.01,0
IVV.AX,16-Mar-2012,134.59,134.59,133.76,134,10825
IXI.AX,16-Mar-2012,66.43,66.43,65.96,65.96,1000
IXJ.AX,16-Mar-2012,56.4,56.4,56.4,56.4,300
IXP.AX,16-Mar-2012,52.23,52.23,52.23,52.23,0
IXR.AX,16-Mar-2012,0.31,0.31,0.31,0.31,24900
IZZ.AX,16-Mar-2012,36.86,37.21,36.8,36.8,14385
JAL.AX,16-Mar-2012,0.395,0.42,0.395,0.415,575241
JAT.AX,16-Mar-2012,0.089,0.089,0.089,0.089,23187
JBH.AX,16-Mar-2012,10.6,10.73,10.45,10.7,1148081
JBHKOP.AX,16-Mar-2012,6.41,6.41,6.41,6.41,0
JHX.AX,16-Mar-2012,7.7,7.77,7.64,7.67,1238404
JIN.AX,16-Mar-2012,0.89,0.97,0.89,0.95,319629
JKA.AX,16-Mar-2012,0.15,0.15,0.15,0.15,453427
JKAO.AX,16-Mar-2012,0.035,0.035,0.035,0.035,143000
JPR.AX,16-Mar-2012,0.69,0.71,0.69,0.71,719819
JRL.AX,16-Mar-2012,0.29,0.305,0.29,0.3,97153
JRV.AX,16-Mar-2012,0.003,0.003,0.003,0.003,711400
JVG.AX,16-Mar-2012,0.008,0.008,0.008,0.008,0
JYC.AX,16-Mar-2012,0.44,0.44,0.41,0.41,62775
KAB.AX,16-Mar-2012,0.022,0.023,0.022,0.022,502000
KABOA.AX,16-Mar-2012,0.001,0.001,0.001,0.001,0
KAM.AX,16-Mar-2012,0.395,0.395,0.395,0.395,35000
KAR.AX,16-Mar-2012,6.26,6.3,6.09,6.1,825709
KARKOP.AX,16-Mar-2012,2.03,2.03,2.03,2.03,0
KAS.AX,16-Mar-2012,0.325,0.335,0.31,0.325,3979070
KAT.AX,16-Mar-2012,0.66,0.66,0.66,0.66,0
KBC.AX,16-Mar-2012,0.089,0.09,0.089,0.089,1311444
KBL.AX,16-Mar-2012,0.2,0.205,0.2,0.2,175333
KBLGA.AX,16-Mar-2012,0.35,0.35,0.35,0.35,31000
KCN.AX,16-Mar-2012,6.71,6.73,6.63,6.72,1739616
KDR.AX,16-Mar-2012,0.23,0.23,0.23,0.23,30000
KEY.AX,16-Mar-2012,0.028,0.035,0.028,0.031,4791479
KGD.AX,16-Mar-2012,1.04,1.05,1.04,1.05,25223
KGL.AX,16-Mar-2012,1.38,1.405,1.32,1.35,172960
KIK.AX,16-Mar-2012,0.002,0.002,0.002,0.002,930888
KIS.AX,16-Mar-2012,0.14,0.14,0.14,0.14,64070
KKO.AX,16-Mar-2012,0.2,0.2,0.2,0.2,0
KKT.AX,16-Mar-2012,0.064,0.064,0.064,0.064,0
KMD.AX,16-Mar-2012,1.495,1.52,1.45,1.46,568452
KME.AX,16-Mar-2012,0.033,0.033,0.033,0.033,0
KNH.AX,16-Mar-2012,0.2,0.2,0.2,0.2,0
KNL.AX,16-Mar-2012,0.064,0.064,0.064,0.064,0
KOR.AX,16-Mar-2012,0.15,0.15,0.15,0.15,0
KOV.AX,16-Mar-2012,4.6,4.6,4.6,4.6,1143
KPL.AX,16-Mar-2012,0.29,0.33,0.29,0.3,1132765
KRA.AX,16-Mar-2012,0.23,0.24,0.23,0.24,65000
KRL.AX,16-Mar-2012,0.145,0.15,0.14,0.145,28769212
KRM.AX,16-Mar-2012,1.26,1.3,1.25,1.3,2462390
KRS.AX,16-Mar-2012,0.2,0.2,0.2,0.2,0
KSC.AX,16-Mar-2012,1.14,1.14,1.14,1.14,9000
KSO.AX,16-Mar-2012,0.03,0.03,0.03,0.03,20000
KTE.AX,16-Mar-2012,0.031,0.031,0.031,0.031,110800
KTL.AX,16-Mar-2012,0.002,0.002,0.002,0.002,0
LAS.AX,16-Mar-2012,0.01,0.01,0.01,0.01,0
LAU.AX,16-Mar-2012,0.165,0.165,0.165,0.165,0
LBL.AX,16-Mar-2012,0.24,0.245,0.24,0.245,72045
LBT.AX,16-Mar-2012,0.054,0.054,0.054,0.054,0
LCE.AX,16-Mar-2012,0.2,0.2,0.2,0.2,0
LCM.AX,16-Mar-2012,1.1,1.18,1.1,1.12,645260
LCR.AX,16-Mar-2012,0.044,0.044,0.043,0.043,160000
LCT.AX,16-Mar-2012,0.105,0.105,0.1,0.1,197775
LCY.AX,16-Mar-2012,0.13,0.14,0.13,0.14,687704
LEG.AX,16-Mar-2012,0.024,0.024,0.023,0.024,3217867
LEP.AX,16-Mar-2012,1.995,2.01,1.995,2,560247
LER.AX,16-Mar-2012,0.07,0.07,0.07,0.07,0
LGD.AX,16-Mar-2012,0.34,0.34,0.34,0.34,118000
LGM.AX,16-Mar-2012,0.092,0.092,0.092,0.092,0
LGO.AX,16-Mar-2012,0.003,0.003,0.003,0.003,0
LIC.AX,16-Mar-2012,0.105,0.105,0.105,0.105,0
LIN.AX,16-Mar-2012,0.17,0.17,0.15,0.155,2842604
LIO.AX,16-Mar-2012,0.038,0.04,0.038,0.04,180000
LKE.AX,16-Mar-2012,0.02,0.02,0.02,0.02,0
LKO.AX,16-Mar-2012,0.005,0.005,0.005,0.005,8533333
LLC.AX,16-Mar-2012,7.6,7.6,7.48,7.52,1335720
LLCKOC.AX,16-Mar-2012,1.575,1.575,1.575,1.575,0
LMC.AX,16-Mar-2012,0.74,0.74,0.74,0.74,22250
LMG.AX,16-Mar-2012,0.021,0.022,0.021,0.022,680000
LML.AX,16-Mar-2012,0.13,0.14,0.13,0.14,162513
LMW.AX,16-Mar-2012,0.25,0.25,0.25,0.25,0
LNG.AX,16-Mar-2012,0.42,0.42,0.41,0.42,126967
LOM.AX,16-Mar-2012,0.009,0.01,0.009,0.01,2084000
LOMOA.AX,16-Mar-2012,0.005,0.005,0.005,0.005,0
LRL.AX,16-Mar-2012,0.215,0.215,0.215,0.215,22834
LRR.AX,16-Mar-2012,0.005,0.005,0.005,0.005,0
LRS.AX,16-Mar-2012,0.335,0.335,0.33,0.335,12450
LRSO.AX,16-Mar-2012,0.08,0.08,0.08,0.08,0
LSA.AX,16-Mar-2012,1.5,1.54,1.5,1.54,38990
LSN.AX,16-Mar-2012,0.075,0.075,0.075,0.075,0
LSR.AX,16-Mar-2012,0.072,0.072,0.072,0.072,30000
LTR.AX,16-Mar-2012,0.042,0.042,0.042,0.042,0
LTX.AX,16-Mar-2012,0.09,0.09,0.09,0.09,0
LYC.AX,16-Mar-2012,1.235,1.24,1.205,1.235,12083852
LYL.AX,16-Mar-2012,7.18,7.23,7.15,7.22,40562
MAD.AX,16-Mar-2012,0.99,1.01,0.95,0.95,6298611
MAH.AX,16-Mar-2012,0.86,0.88,0.855,0.86,4027222
MAK.AX,16-Mar-2012,0.27,0.285,0.27,0.28,783968
MAQ.AX,16-Mar-2012,8.9,8.9,8.87,8.87,3000
MAR.AX,16-Mar-2012,0.017,0.017,0.015,0.015,645000
MAS.AX,16-Mar-2012,0.03,0.03,0.03,0.03,0
MAT.AX,16-Mar-2012,0.17,0.17,0.17,0.17,47000
MAU.AX,16-Mar-2012,0.12,0.12,0.12,0.12,1111
MAUCA.AX,16-Mar-2012,0.012,0.012,0.012,0.012,0
MBE.AX,16-Mar-2012,0.025,0.026,0.025,0.026,657778
MBK.AX,16-Mar-2012,0.045,0.045,0.04,0.04,140000
MBLHB.AX,16-Mar-2012,67.8,68,67.8,68,945
MBN.AX,16-Mar-2012,0.875,0.9,0.87,0.87,1452799
MBO.AX,16-Mar-2012,0.05,0.05,0.05,0.05,0
MBT.AX,16-Mar-2012,0.9,0.9,0.9,0.9,254
MCE.AX,16-Mar-2012,3.48,3.62,3.48,3.57,187904
MCH.AX,16-Mar-2012,0.26,0.26,0.26,0.26,0
MCO.AX,16-Mar-2012,0.2,0.21,0.2,0.21,102000
MCP.AX,16-Mar-2012,2.2,2.36,2.2,2.25,63173
MCR.AX,16-Mar-2012,0.69,0.69,0.67,0.68,530479
MCX.AX,16-Mar-2012,0.35,0.37,0.3,0.3,31802
MDG.AX,16-Mar-2012,0.05,0.05,0.05,0.05,0
MDI.AX,16-Mar-2012,0.405,0.405,0.405,0.405,50000
MDL.AX,16-Mar-2012,6.2,6.25,6.09,6.17,278878
MDV.AX,16-Mar-2012,0.012,0.012,0.012,0.012,50000
MDX.AX,16-Mar-2012,0.175,0.175,0.175,0.175,0
MEI.AX,16-Mar-2012,0.07,0.07,0.07,0.07,2500
MEL.AX,16-Mar-2012,0.38,0.38,0.38,0.38,225232
MEO.AX,16-Mar-2012,0.215,0.245,0.215,0.245,10937812
MEP.AX,16-Mar-2012,0.195,0.195,0.19,0.19,29105
MEU.AX,16-Mar-2012,0.06,0.06,0.06,0.06,0
MEY.AX,16-Mar-2012,0.02,0.02,0.02,0.02,500000
MFF.AX,16-Mar-2012,0.77,0.78,0.77,0.77,253995
MFG.AX,16-Mar-2012,1.7,1.76,1.7,1.76,44143
MFGOC.AX,16-Mar-2012,0.16,0.16,0.16,0.16,0
MGI.AX,16-Mar-2012,2.36,2.36,2.36,2.36,0
MGL.AX,16-Mar-2012,0.036,0.042,0.036,0.042,60256
MGM.AX,16-Mar-2012,4.15,4.15,4.15,4.15,0
MGR.AX,16-Mar-2012,1.23,1.23,1.205,1.21,43367551
MGRKOP.AX,16-Mar-2012,0.435,0.435,0.435,0.435,0
MGU.AX,16-Mar-2012,0.048,0.048,0.048,0.048,150000
MGV.AX,16-Mar-2012,0.1,0.1,0.1,0.1,2560
MGX.AX,16-Mar-2012,1.18,1.185,1.167,1.17,4986422
MGY.AX,16-Mar-2012,0.053,0.053,0.053,0.053,145000
MGZ.AX,16-Mar-2012,0.016,0.016,0.016,0.016,0
MHC.AX,16-Mar-2012,0.33,0.33,0.33,0.33,15000
MHI.AX,16-Mar-2012,0.125,0.125,0.125,0.125,0
MHM.AX,16-Mar-2012,0.78,0.82,0.78,0.8,23372
MIN.AX,16-Mar-2012,12.9,12.91,12.79,12.83,696595
MINKOA.AX,16-Mar-2012,4.9,4.9,4.9,4.9,0
MIR.AX,16-Mar-2012,1.8,1.82,1.8,1.82,17111
MKB.AX,16-Mar-2012,0.029,0.03,0.029,0.03,250000
MKE.AX,16-Mar-2012,0.125,0.125,0.12,0.12,280000
MKO.AX,16-Mar-2012,0.06,0.06,0.06,0.06,0
MLA.AX,16-Mar-2012,0.014,0.014,0.014,0.014,0
MLB.AX,16-Mar-2012,1.71,1.71,1.675,1.685,50901
MLD.AX,16-Mar-2012,2.38,2.45,2.38,2.43,113656
MLI.AX,16-Mar-2012,0.065,0.065,0.065,0.065,1605
MLM.AX,16-Mar-2012,0.29,0.29,0.285,0.29,106013
MLS.AX,16-Mar-2012,0.053,0.063,0.053,0.063,4095419
MLT.AX,16-Mar-2012,14.85,14.85,14.76,14.81,48545
MLX.AX,16-Mar-2012,0.98,0.98,0.948,0.96,1117200
MML.AX,16-Mar-2012,5.82,5.94,5.8,5.82,522908
MMR.AX,16-Mar-2012,0.13,0.13,0.13,0.13,45000
MMS.AX,16-Mar-2012,10.42,10.46,10.16,10.32,191931
MMZ.AX,16-Mar-2012,0.007,0.008,0.007,0.008,9245695
MNB.AX,16-Mar-2012,0.275,0.275,0.26,0.26,229432
MNC.AX,16-Mar-2012,0.165,0.165,0.155,0.16,9370220
MND.AX,16-Mar-2012,23.34,23.53,23.16,23.49,216366
MNDKOA.AX,16-Mar-2012,6.6,6.6,6.6,6.6,0
MNDKOB.AX,16-Mar-2012,2.11,2.11,2.11,2.11,0
MNDKOP.AX,16-Mar-2012,4.09,4.09,4.09,4.09,0
MNE.AX,16-Mar-2012,0.55,0.55,0.55,0.55,25000
MNF.AX,16-Mar-2012,0.28,0.28,0.28,0.28,0
MNM.AX,16-Mar-2012,0.12,0.12,0.115,0.115,295905
MNW.AX,16-Mar-2012,0.035,0.045,0.034,0.045,524168
MNY.AX,16-Mar-2012,0.4,0.4,0.4,0.4,0
MOC.AX,16-Mar-2012,1.275,1.295,1.265,1.295,110777
MOD.AX,16-Mar-2012,0.155,0.155,0.15,0.155,320000
MOL.AX,16-Mar-2012,0.29,0.3,0.285,0.3,98982
MOO.AX,16-Mar-2012,0.018,0.018,0.018,0.018,100000
MOT.AX,16-Mar-2012,0.01,0.01,0.01,0.01,71000
MOX.AX,16-Mar-2012,0.049,0.049,0.045,0.045,1107947
MOY.AX,16-Mar-2012,0.018,0.019,0.018,0.018,12825297
MOZ.AX,16-Mar-2012,0.105,0.105,0.09,0.09,286660
MPJ.AX,16-Mar-2012,0.017,0.017,0.017,0.017,0
MPJO.AX,16-Mar-2012,0.003,0.003,0.003,0.003,0
MPO.AX,16-Mar-2012,0.68,0.69,0.662,0.67,240968
MQA.AX,16-Mar-2012,1.6,1.605,1.575,1.585,2122979
MQG.AX,16-Mar-2012,27.4,27.53,27.17,27.53,1607594
MQGKOA.AX,16-Mar-2012,4.2,4.2,4.2,4.2,0
MQGKOC.AX,16-Mar-2012,8.67,8.67,8.67,8.67,0
MQGKOH.AX,16-Mar-2012,10.09,10.09,10.09,10.09,0
MQGKOJ.AX,16-Mar-2012,6.74,6.74,6.74,6.74,0
MQGKOT.AX,16-Mar-2012,5.77,5.77,5.77,5.77,2000
MQGKOV.AX,16-Mar-2012,4.07,4.08,4.01,4.01,18000
MQGLOC.AX,16-Mar-2012,5.07,5.07,5.07,5.07,0
MQGLOR.AX,16-Mar-2012,3.13,3.13,3.13,3.13,0
MRC.AX,16-Mar-2012,0.085,0.085,0.085,0.085,0
MRM.AX,16-Mar-2012,3.14,3.17,3.085,3.1,1255893
MRN.AX,16-Mar-2012,0.7,0.7,0.7,0.7,8278
MRP.AX,16-Mar-2012,0.29,0.29,0.29,0.29,250100
MRQ.AX,16-Mar-2012,0.26,0.26,0.26,0.26,0
MRQO.AX,16-Mar-2012,0.06,0.06,0.06,0.06,0
MRR.AX,16-Mar-2012,0.175,0.175,0.175,0.175,0
MSB.AX,16-Mar-2012,7.37,7.4,7.27,7.31,441599
MSBKOB.AX,16-Mar-2012,2.73,2.73,2.73,2.73,0
MSBKOD.AX,16-Mar-2012,2.59,2.59,2.59,2.59,0
MSBKOQ.AX,16-Mar-2012,2.29,2.29,2.29,2.29,0
MSBKOR.AX,16-Mar-2012,3.76,3.76,3.76,3.76,0
MSC.AX,16-Mar-2012,0.024,0.024,0.024,0.024,720000
MSI.AX,16-Mar-2012,0.01,0.01,0.01,0.01,0
MSP.AX,16-Mar-2012,0.022,0.022,0.022,0.022,38046
MSR.AX,16-Mar-2012,0.15,0.15,0.15,0.15,6533
MTB.AX,16-Mar-2012,0.005,0.005,0.005,0.005,195900
MTD.AX,16-Mar-2012,0.018,0.018,0.018,0.018,0
MTH.AX,16-Mar-2012,0.052,0.052,0.052,0.052,16000
MTI.AX,16-Mar-2012,0.002,0.002,0.002,0.002,0
MTS.AX,16-Mar-2012,4.13,4.15,4.09,4.09,3004397
MTSKOA.AX,16-Mar-2012,1.025,1.025,1.025,1.025,0
MTSKOP.AX,16-Mar-2012,1.35,1.35,1.35,1.35,0
MTU.AX,16-Mar-2012,3.3,3.33,3.28,3.31,1347096
MUB.AX,16-Mar-2012,0.105,0.105,0.105,0.105,0
MUI.AX,16-Mar-2012,0.003,0.003,0.003,0.003,0
MUM.AX,16-Mar-2012,0.087,0.09,0.085,0.089,1009678
MVP.AX,16-Mar-2012,0.565,0.565,0.56,0.56,10000
MVT.AX,16-Mar-2012,0.115,0.115,0.1,0.11,569574
MWR.AX,16-Mar-2012,0.395,0.395,0.395,0.395,0
MWS.AX,16-Mar-2012,0.015,0.015,0.015,0.015,0
MXI.AX,16-Mar-2012,0.46,0.465,0.455,0.465,231381
MXR.AX,16-Mar-2012,0.007,0.007,0.007,0.007,1143000
MXUPA.AX,16-Mar-2012,76.49,76.5,76.01,76.4,1494
MYE.AX,16-Mar-2012,2.45,2.45,2.44,2.44,22800
MYN.AX,16-Mar-2012,0.043,0.043,0.043,0.043,0
MYR.AX,16-Mar-2012,2.26,2.27,2.2,2.23,8526321
MYRKOB.AX,16-Mar-2012,0.6,0.6,0.6,0.6,0
MYRKOC.AX,16-Mar-2012,0.88,0.88,0.88,0.88,0
MYRKOD.AX,16-Mar-2012,0.49,0.49,0.49,0.49,0
MYRKOP.AX,16-Mar-2012,1.14,1.14,1.14,1.14,0
MYRKOR.AX,16-Mar-2012,0.41,0.41,0.41,0.41,0
MYS.AX,16-Mar-2012,3.36,3.39,3.31,3.35,19678
MYX.AX,16-Mar-2012,0.285,0.285,0.285,0.285,10000
MZI.AX,16-Mar-2012,0.019,0.019,0.018,0.018,4781944
MZM.AX,16-Mar-2012,0.32,0.335,0.32,0.335,75662
NAB.AX,16-Mar-2012,23.99,24.18,23.95,24.18,7154748
NABHA.AX,16-Mar-2012,73.7,74.01,73.7,74.01,8553
NABKOB.AX,16-Mar-2012,6.21,6.21,6.21,6.21,0
NABKOE.AX,16-Mar-2012,2.93,2.93,2.93,2.93,0
NABKOF.AX,16-Mar-2012,4.42,4.42,4.42,4.42,0
NABKOQ.AX,16-Mar-2012,6.27,6.27,6.27,6.27,0
NABKOR.AX,16-Mar-2012,3.34,3.34,3.34,3.34,0
NABKOT.AX,16-Mar-2012,4.89,4.89,4.89,4.89,0
NABKOW.AX,16-Mar-2012,1.925,1.925,1.925,1.925,20000
NABLOA.AX,16-Mar-2012,5.43,5.43,5.43,5.43,0
NABLOC.AX,16-Mar-2012,2,2,2,2,0
NABLOP.AX,16-Mar-2012,0.475,0.475,0.475,0.475,0
NABLOS.AX,16-Mar-2012,2.17,2.17,2.17,2.17,0
NAE.AX,16-Mar-2012,0.09,0.09,0.09,0.09,16000
NAG.AX,16-Mar-2012,0.02,0.02,0.02,0.02,0
NAM.AX,16-Mar-2012,0.17,0.18,0.17,0.18,65000
NAN.AX,16-Mar-2012,0.53,0.54,0.52,0.54,146567
NBL.AX,16-Mar-2012,0.71,0.71,0.71,0.71,0
NCK.AX,16-Mar-2012,1.5,1.5,1.5,1.5,0
NCM.AX,16-Mar-2012,30.28,30.37,29.96,30.3,5257386
NCMKOB.AX,16-Mar-2012,4.77,4.77,4.77,4.77,0
NCMKOP.AX,16-Mar-2012,5.37,5.37,5.37,5.37,0
NCMLOE.AX,16-Mar-2012,2.8,2.8,2.8,2.8,7100
NCMLOP.AX,16-Mar-2012,9.16,9.16,9.16,9.16,0
NCMLOQ.AX,16-Mar-2012,6.39,6.39,6.39,6.39,0
NCO.AX,16-Mar-2012,0.15,0.15,0.15,0.15,60000
NCR.AX,16-Mar-2012,0.325,0.335,0.325,0.33,299121
NDO.AX,16-Mar-2012,0.054,0.057,0.054,0.056,11343333
NDXKOB.AX,16-Mar-2012,5.26,5.26,5.26,5.26,0
NDXKOU.AX,16-Mar-2012,2.27,2.27,2.27,2.27,5828
NEN.AX,16-Mar-2012,0.43,0.43,0.405,0.42,9635109
NEU.AX,16-Mar-2012,0.027,0.028,0.026,0.026,4509894
NFE.AX,16-Mar-2012,0.96,0.98,0.905,0.905,4374269
NFNG.AX,16-Mar-2012,80.8,80.8,79.9,80.5,1305
NGE.AX,16-Mar-2012,0.057,0.06,0.056,0.057,813980
NGY.AX,16-Mar-2012,0.105,0.105,0.105,0.105,15000
NHC.AX,16-Mar-2012,5.36,5.46,5.36,5.41,433686
NHF.AX,16-Mar-2012,1.43,1.445,1.42,1.43,215346
NHH.AX,16-Mar-2012,1.12,1.12,1.12,1.12,0
NHO.AX,16-Mar-2012,0.18,0.18,0.18,0.18,681818
NIO.AX,16-Mar-2012,0.009,0.009,0.009,0.009,0
NIU.AX,16-Mar-2012,0.065,0.065,0.065,0.065,160000
NKP.AX,16-Mar-2012,0.145,0.155,0.135,0.135,1010273
NME.AX,16-Mar-2012,0.088,0.088,0.088,0.088,0
NMG.AX,16-Mar-2012,0.44,0.46,0.44,0.44,8069108
NMI.AX,16-Mar-2012,0.056,0.059,0.054,0.057,321428
NML.AX,16-Mar-2012,0.26,0.27,0.26,0.26,73291
NMS.AX,16-Mar-2012,0.026,0.027,0.026,0.026,1094063
NOD.AX,16-Mar-2012,0.12,0.13,0.12,0.125,1570734
NOE.AX,16-Mar-2012,0.155,0.155,0.15,0.155,190135
NPX.AX,16-Mar-2012,1.94,1.94,1.94,1.94,0
NRR.AX,16-Mar-2012,0.15,0.15,0.15,0.15,0
NRT.AX,16-Mar-2012,0.092,0.092,0.091,0.091,20900
NSE.AX,16-Mar-2012,0.61,0.63,0.57,0.585,2676837
NSL.AX,16-Mar-2012,0.085,0.086,0.084,0.084,363307
NSP.AX,16-Mar-2012,0.031,0.031,0.031,0.031,591600
NST.AX,16-Mar-2012,0.88,0.895,0.855,0.855,7968018
NSX.AX,16-Mar-2012,0.15,0.15,0.15,0.15,0
NTC.AX,16-Mar-2012,0.125,0.125,0.12,0.12,23758
NTM.AX,16-Mar-2012,0.028,0.028,0.026,0.026,59340
NTU.AX,16-Mar-2012,0.445,0.455,0.44,0.44,628675
NUF.AX,16-Mar-2012,5.19,5.2,5.01,5.02,890220
NUFKOA.AX,16-Mar-2012,1.39,1.39,1.39,1.39,0
NVG.AX,16-Mar-2012,0.065,0.065,0.065,0.065,92113
NVT.AX,16-Mar-2012,3.33,3.4,3.33,3.38,1131113
NWE.AX,16-Mar-2012,0.071,0.076,0.07,0.073,27318286
NWH.AX,16-Mar-2012,4.09,4.17,4.09,4.14,2473092
NWS.AX,16-Mar-2012,19.36,19.38,19.17,19.17,14139963
NWSLV.AX,16-Mar-2012,19.1,19.14,18.98,18.99,851080
NXR.AX,16-Mar-2012,0.165,0.17,0.165,0.17,55500
NXT.AX,16-Mar-2012,2.14,2.29,2.14,2.23,2606019
NYO.AX,16-Mar-2012,0.11,0.11,0.11,0.11,0
NZO.AX,16-Mar-2012,0.605,0.605,0.585,0.585,35715
OBJ.AX,16-Mar-2012,0.022,0.023,0.022,0.022,760000
OBL.AX,16-Mar-2012,0.06,0.061,0.057,0.059,10787793
OCL.AX,16-Mar-2012,0.3,0.3,0.3,0.3,0
OCP.AX,16-Mar-2012,1.85,1.9,1.85,1.9,2730
ODN.AX,16-Mar-2012,0.004,0.004,0.004,0.004,48000
ODY.AX,16-Mar-2012,0.035,0.035,0.034,0.034,198752
OEC.AX,16-Mar-2012,0.32,0.32,0.32,0.32,0
OEG.AX,16-Mar-2012,0.12,0.12,0.12,0.12,2875
OEL.AX,16-Mar-2012,0.135,0.135,0.13,0.13,809376
OEQ.AX,16-Mar-2012,0.265,0.265,0.265,0.265,0
OEX.AX,16-Mar-2012,0.3,0.3,0.295,0.3,542676
OGC.AX,16-Mar-2012,2.35,2.35,2.3,2.32,606797
OGY.AX,16-Mar-2012,0.038,0.038,0.038,0.038,102100
OIL.AX,16-Mar-2012,0.125,0.135,0.125,0.135,105000
OKJ.AX,16-Mar-2012,0.22,0.24,0.22,0.24,98000
OKU.AX,16-Mar-2012,0.026,0.026,0.025,0.025,650000
OLH.AX,16-Mar-2012,0.1,0.1,0.1,0.1,0
OMH.AX,16-Mar-2012,0.36,0.375,0.36,0.37,615152
ONC.AX,16-Mar-2012,0.215,0.215,0.215,0.215,45000
ONT.AX,16-Mar-2012,5.2,5.2,5.1,5.1,15030
OOO.AX,16-Mar-2012,58.28,58.31,58.24,58.28,328
ORE.AX,16-Mar-2012,1.74,1.8,1.72,1.765,83840
ORG.AX,16-Mar-2012,12.85,12.9,12.72,12.83,4857281
ORGHA.AX,16-Mar-2012,100,100,99.95,99.97,16454
ORGKOB.AX,16-Mar-2012,1.875,1.875,1.875,1.875,1200
ORGKOQ.AX,16-Mar-2012,3.35,3.35,3.35,3.35,0
ORH.AX,16-Mar-2012,0.018,0.018,0.018,0.018,0
ORI.AX,16-Mar-2012,26,26.41,26,26.3,1471015
ORIKOB.AX,16-Mar-2012,5.95,5.95,5.95,5.95,0
ORL.AX,16-Mar-2012,8.93,8.99,8.66,8.66,296321
ORM.AX,16-Mar-2012,0.085,0.085,0.085,0.085,0
ORN.AX,16-Mar-2012,0.015,0.015,0.015,0.015,0
ORS.AX,16-Mar-2012,0.185,0.185,0.185,0.185,0
ORX.AX,16-Mar-2012,0.086,0.086,0.086,0.086,0
OSH.AX,16-Mar-2012,7.02,7.05,6.87,6.94,4902045
OSHKOB.AX,16-Mar-2012,2.37,2.37,2.37,2.37,0
OTC.AX,16-Mar-2012,0.125,0.125,0.125,0.125,100000
OTH.AX,16-Mar-2012,0.56,0.58,0.55,0.58,91000
OTI.AX,16-Mar-2012,0.03,0.03,0.03,0.03,0
OVL.AX,16-Mar-2012,0.21,0.21,0.21,0.21,20000
OVR.AX,16-Mar-2012,0.071,0.071,0.071,0.071,0
OXX.AX,16-Mar-2012,0.235,0.235,0.235,0.235,27923
OXXCB.AX,16-Mar-2012,0.16,0.16,0.16,0.16,0
OZB.AX,16-Mar-2012,0.013,0.013,0.013,0.013,0
OZF.AX,16-Mar-2012,13.45,13.5,13.45,13.5,2207
OZG.AX,16-Mar-2012,0.165,0.165,0.165,0.165,40000
OZL.AX,16-Mar-2012,10,10.09,9.88,9.93,2555933
OZLKOB.AX,16-Mar-2012,2.3,2.3,2.3,2.3,0
OZR.AX,16-Mar-2012,11.44,11.44,11.44,11.44,0
PAA.AX,16-Mar-2012,0.014,0.014,0.014,0.014,0
PAB.AX,16-Mar-2012,0.036,0.037,0.036,0.037,182600
PAN.AX,16-Mar-2012,1.205,1.215,1.195,1.205,589317
PAY.AX,16-Mar-2012,3.1,3.1,3.1,3.1,0
PBD.AX,16-Mar-2012,0.03,0.03,0.029,0.029,56000
PBG.AX,16-Mar-2012,0.63,0.635,0.625,0.625,5885088
PBP.AX,16-Mar-2012,0.3,0.3,0.295,0.295,92130
PBT.AX,16-Mar-2012,0.155,0.155,0.15,0.15,250000
PCAPA.AX,16-Mar-2012,177.3,177.85,177.25,177.85,3432
PCL.AX,16-Mar-2012,0.18,0.18,0.175,0.18,1755309
PCP.AX,16-Mar-2012,0.073,0.073,0.073,0.073,0
PDI.AX,16-Mar-2012,0.195,0.2,0.195,0.2,129500
PDM.AX,16-Mar-2012,0.012,0.012,0.012,0.012,100000
PDN.AX,16-Mar-2012,1.95,1.97,1.905,1.93,6083812
PDNKOR.AX,16-Mar-2012,0.365,0.365,0.365,0.365,0
PDNKOZ.AX,16-Mar-2012,0.83,0.83,0.83,0.83,0
PDY.AX,16-Mar-2012,0.01,0.01,0.01,0.01,500000
PDZ.AX,16-Mar-2012,0.2,0.205,0.2,0.205,129083
PEA.AX,16-Mar-2012,0.44,0.44,0.44,0.44,0
PEH.AX,16-Mar-2012,0.055,0.055,0.055,0.055,0
PEK.AX,16-Mar-2012,0.45,0.45,0.42,0.425,1501939
PEL.AX,16-Mar-2012,0.022,0.022,0.022,0.022,0
PEN.AX,16-Mar-2012,0.056,0.057,0.055,0.056,2327854
PENOC.AX,16-Mar-2012,0.037,0.037,0.037,0.037,0
PEX.AX,16-Mar-2012,0.135,0.135,0.135,0.135,33111
PFG.AX,16-Mar-2012,0.12,0.12,0.12,0.12,30000
PFL.AX,16-Mar-2012,1.71,1.71,1.69,1.69,45497
PFM.AX,16-Mar-2012,0.205,0.205,0.205,0.205,0
PGC.AX,16-Mar-2012,0.24,0.24,0.22,0.22,137400
PGI.AX,16-Mar-2012,0.165,0.17,0.165,0.17,861150
PGL.AX,16-Mar-2012,0.19,0.19,0.19,0.19,3365
PGM.AX,16-Mar-2012,0.14,0.14,0.135,0.135,10000
PGS.AX,16-Mar-2012,0.033,0.033,0.033,0.033,25000
PHA.AX,16-Mar-2012,0.05,0.05,0.05,0.05,0
PHG.AX,16-Mar-2012,0.04,0.04,0.04,0.04,16000
PHI.AX,16-Mar-2012,2.8,2.8,2.8,2.8,0
PHK.AX,16-Mar-2012,0.074,0.074,0.071,0.074,310000
PIO.AX,16-Mar-2012,0.023,0.024,0.023,0.024,1650000
PLH.AX,16-Mar-2012,0.15,0.15,0.15,0.15,0
PLS.AX,16-Mar-2012,0.028,0.028,0.028,0.028,100000
PLV.AX,16-Mar-2012,0.215,0.22,0.21,0.22,418715
PMC.AX,16-Mar-2012,0.99,1.025,0.99,1.025,193943
PME.AX,16-Mar-2012,0.28,0.28,0.28,0.28,0
PMGOLD.AX,16-Mar-2012,15.85,15.86,15.8,15.8,6086
PMP.AX,16-Mar-2012,0.35,0.35,0.33,0.345,138215
PMV.AX,16-Mar-2012,5.36,5.38,5.2,5.22,89768
PNN.AX,16-Mar-2012,0.08,0.08,0.075,0.075,27000
PNO.AX,16-Mar-2012,0.004,0.004,0.004,0.004,800000
PNR.AX,16-Mar-2012,0.43,0.43,0.41,0.41,228000
PNW.AX,16-Mar-2012,0.27,0.27,0.27,0.27,0
PNX.AX,16-Mar-2012,0.065,0.065,0.063,0.063,14128
POH.AX,16-Mar-2012,0.22,0.225,0.215,0.22,23514104
POK.AX,16-Mar-2012,0.56,0.6,0.56,0.6,444069
POS.AX,16-Mar-2012,0.175,0.175,0.175,0.175,21010
POU.AX,16-Mar-2012,14.85,14.85,14.85,14.85,0
POZ.AX,16-Mar-2012,0.055,0.055,0.055,0.055,0
PPC.AX,16-Mar-2012,0.76,0.76,0.72,0.72,1915973
PPCG.AX,16-Mar-2012,92.5,92.5,92.5,92.5,250
PPG.AX,16-Mar-2012,0.55,0.55,0.545,0.55,49410
PPK.AX,16-Mar-2012,0.385,0.385,0.385,0.385,61174
PPN.AX,16-Mar-2012,0.25,0.25,0.25,0.25,0
PPP.AX,16-Mar-2012,0.16,0.165,0.16,0.165,80000
PPS.AX,16-Mar-2012,0.085,0.085,0.085,0.085,0
PPT.AX,16-Mar-2012,24.69,24.69,24.35,24.35,149299
PPY.AX,16-Mar-2012,0.043,0.043,0.043,0.043,4633
PRG.AX,16-Mar-2012,2.09,2.15,2.09,2.14,114208
PRL.AX,16-Mar-2012,0.071,0.071,0.071,0.071,547036
PRO.AX,16-Mar-2012,0.28,0.28,0.28,0.28,10000
PRP.AX,16-Mar-2012,1.12,1.12,1.12,1.12,0
PRR.AX,16-Mar-2012,0.23,0.24,0.23,0.24,8133293
PRT.AX,16-Mar-2012,0.765,0.765,0.73,0.73,120032
PRU.AX,16-Mar-2012,2.43,2.47,2.41,2.43,2420972
PRW.AX,16-Mar-2012,0.021,0.022,0.019,0.022,3005009
PRY.AX,16-Mar-2012,2.89,2.94,2.88,2.9,1778777
PSA.AX,16-Mar-2012,0.18,0.185,0.18,0.185,183000
PSF.AX,16-Mar-2012,0.079,0.079,0.079,0.079,38000
PSP.AX,16-Mar-2012,0.088,0.088,0.088,0.088,0
PSY.AX,16-Mar-2012,0.038,0.038,0.037,0.037,200000
PTB.AX,16-Mar-2012,0.23,0.23,0.23,0.23,0
PTM.AX,16-Mar-2012,3.99,4.03,3.93,3.93,715723
PTR.AX,16-Mar-2012,0.086,0.086,0.086,0.086,0
PUN.AX,16-Mar-2012,0.26,0.26,0.26,0.26,0
PVA.AX,16-Mar-2012,1.71,1.71,1.7,1.7,9214
PVD.AX,16-Mar-2012,0.36,0.38,0.35,0.38,351431
PVE.AX,16-Mar-2012,0.15,0.155,0.15,0.155,10001
PWN.AX,16-Mar-2012,0.28,0.29,0.28,0.28,29200
PWW.AX,16-Mar-2012,0.021,0.021,0.021,0.021,0
PXG.AX,16-Mar-2012,0.215,0.215,0.205,0.21,218160
PXS.AX,16-Mar-2012,1.23,1.295,1.23,1.23,3053140
PXUPA.AX,16-Mar-2012,16.11,16.12,16.11,16.11,1202
PYC.AX,16-Mar-2012,0.049,0.049,0.049,0.049,194692
PYCOA.AX,16-Mar-2012,0.025,0.025,0.025,0.025,0
PYM.AX,16-Mar-2012,0.05,0.05,0.05,0.05,0
PZC.AX,16-Mar-2012,0.13,0.14,0.13,0.13,490000
QAG.AX,16-Mar-2012,12.2,12.2,12.2,12.2,0
QAN.AX,16-Mar-2012,1.765,1.78,1.75,1.765,7004251
QANKOA.AX,16-Mar-2012,0.445,0.445,0.445,0.445,0
QANKOP.AX,16-Mar-2012,0.37,0.37,0.37,0.37,0
QAU.AX,16-Mar-2012,16.55,16.75,16.55,16.73,19929
QBE.AX,16-Mar-2012,13,13.17,12.88,13.14,13012971
QBEKOE.AX,16-Mar-2012,2.03,2.03,2.03,2.03,0
QBEKOQ.AX,16-Mar-2012,1.74,1.74,1.74,1.74,0
QBEKOT.AX,16-Mar-2012,4.4,4.4,4.4,4.4,0
QBELOP.AX,16-Mar-2012,0.96,0.96,0.96,0.96,0
QBELOQ.AX,16-Mar-2012,2.89,2.89,2.89,2.89,0
QBL.AX,16-Mar-2012,0.03,0.03,0.03,0.03,0
QCB.AX,16-Mar-2012,17.94,17.94,17.94,17.94,0
QFN.AX,16-Mar-2012,7.35,7.35,7.35,7.35,28000
QFX.AX,16-Mar-2012,0.135,0.135,0.13,0.13,836689
QHL.AX,16-Mar-2012,0.16,0.16,0.16,0.16,93047
QMN.AX,16-Mar-2012,0.039,0.042,0.039,0.042,1962475
QNL.AX,16-Mar-2012,0.017,0.017,0.017,0.017,0
QRE.AX,16-Mar-2012,6.32,6.32,6.32,6.32,0
QRX.AX,16-Mar-2012,1.83,1.85,1.83,1.83,28046
QSS.AX,16-Mar-2012,0.061,0.061,0.061,0.061,0
QST.AX,16-Mar-2012,0.081,0.081,0.081,0.081,0
QTG.AX,16-Mar-2012,0.024,0.024,0.024,0.024,126000
QTM.AX,16-Mar-2012,0.02,0.02,0.02,0.02,50000
QUB.AX,16-Mar-2012,1.7,1.79,1.68,1.79,9907591
QUE.AX,16-Mar-2012,0.095,0.095,0.095,0.095,0
QUR.AX,16-Mar-2012,0.005,0.005,0.005,0.005,0
RAD.AX,16-Mar-2012,0.28,0.28,0.28,0.28,30000
RAW.AX,16-Mar-2012,0.088,0.088,0.088,0.088,0
RBR.AX,16-Mar-2012,0.034,0.034,0.034,0.034,0
RBSRIG.AX,16-Mar-2012,5.36,5.36,5.36,5.36,0
RBX.AX,16-Mar-2012,0.035,0.035,0.035,0.035,0
RCB.AX,16-Mar-2012,20.02,20.02,20.02,20.02,0
RCG.AX,16-Mar-2012,0.38,0.385,0.375,0.38,285130
RCM.AX,16-Mar-2012,0.04,0.04,0.04,0.04,0
RCO.AX,16-Mar-2012,0.535,0.535,0.535,0.535,0
RCP.AX,16-Mar-2012,0.003,0.003,0.003,0.003,0
RCR.AX,16-Mar-2012,2.02,2.09,2.01,2.08,262521
RCT.AX,16-Mar-2012,1.935,1.935,1.935,1.935,0
RCU.AX,16-Mar-2012,0.395,0.395,0.39,0.39,38708
RCY.AX,16-Mar-2012,0.007,0.007,0.007,0.007,0
RDF.AX,16-Mar-2012,2.04,2.04,1.91,1.985,218476
RDG.AX,16-Mar-2012,0.245,0.245,0.24,0.24,40000
RDH.AX,16-Mar-2012,0.135,0.135,0.135,0.135,0
RDM.AX,16-Mar-2012,0.195,0.195,0.195,0.195,5500
RDS.AX,16-Mar-2012,0.21,0.21,0.205,0.21,88356
RDV.AX,16-Mar-2012,22.72,22.82,22.72,22.76,26671
REA.AX,16-Mar-2012,13.34,13.37,12.82,12.82,1792812
RED.AX,16-Mar-2012,2.27,2.27,2.27,2.27,10337
REF.AX,16-Mar-2012,0.033,0.035,0.031,0.031,30000
REH.AX,16-Mar-2012,18.5,18.5,18.49,18.49,15300
RER.AX,16-Mar-2012,0.005,0.006,0.005,0.006,1421159
RES.AX,16-Mar-2012,0.405,0.41,0.405,0.41,77976
REX.AX,16-Mar-2012,1.14,1.14,1.14,1.14,5414
REY.AX,16-Mar-2012,0.165,0.165,0.16,0.16,159000
REZ.AX,16-Mar-2012,0.09,0.09,0.09,0.09,100000
RFG.AX,16-Mar-2012,2.85,2.85,2.81,2.85,103641
RFL.AX,16-Mar-2012,0.052,0.052,0.052,0.052,84175
RFT.AX,16-Mar-2012,0.002,0.002,0.002,0.002,0
RFX.AX,16-Mar-2012,0.72,0.75,0.71,0.75,16500
RGB.AX,16-Mar-2012,20.02,20.02,20.02,20.02,0
RGP.AX,16-Mar-2012,0.025,0.025,0.025,0.025,0
RGU.AX,16-Mar-2012,0.075,0.075,0.075,0.075,0
RGX.AX,16-Mar-2012,0.145,0.145,0.145,0.145,150000
RHC.AX,16-Mar-2012,18.59,18.71,18.55,18.67,519918
RHCPA.AX,16-Mar-2012,103.51,103.51,103.51,103.51,116
RHI.AX,16-Mar-2012,2.02,2.02,2.02,2.02,6000
RHL.AX,16-Mar-2012,3.29,3.29,3.25,3.29,48633
RHT.AX,16-Mar-2012,0.015,0.015,0.015,0.015,0
RIC.AX,16-Mar-2012,1.21,1.23,1.18,1.23,722212
RIE.AX,16-Mar-2012,0.15,0.15,0.15,0.15,122800
RIG.AX,16-Mar-2012,0.17,0.17,0.17,0.17,2000
RIM.AX,16-Mar-2012,0.03,0.03,0.03,0.03,100000
RIO.AX,16-Mar-2012,65.48,65.57,64.93,65.12,2862625
RIOKOH.AX,16-Mar-2012,14.32,14.32,14.32,14.32,0
RIOKOI.AX,16-Mar-2012,8.52,8.56,8.52,8.56,1500
RIOKOP.AX,16-Mar-2012,6.33,6.33,6.33,6.33,0
RIOKOR.AX,16-Mar-2012,12.2,12.2,12.2,12.2,0
RIOKOU.AX,16-Mar-2012,18.7,18.7,18.7,18.7,0
RIOKOW.AX,16-Mar-2012,12.23,12.23,12.23,12.23,0
RIOKOY.AX,16-Mar-2012,4.71,4.99,4.71,4.95,6650
RIOLOQ.AX,16-Mar-2012,11.3,11.3,11.3,11.3,0
RIOLOS.AX,16-Mar-2012,8.12,8.12,8.12,8.12,300
RIS.AX,16-Mar-2012,0.025,0.025,0.025,0.025,0
RKN.AX,16-Mar-2012,2.36,2.4,2.36,2.39,44321
RLC.AX,16-Mar-2012,0.11,0.11,0.11,0.11,0
RMD.AX,16-Mar-2012,3,3.02,2.99,3,13768758
RMDKOA.AX,16-Mar-2012,0.885,0.885,0.885,0.885,0
RMDKOD.AX,16-Mar-2012,0.7,0.7,0.7,0.7,10000
RMG.AX,16-Mar-2012,0.007,0.007,0.007,0.007,1000000
RMI.AX,16-Mar-2012,0.002,0.003,0.002,0.003,1775000
RMP.AX,16-Mar-2012,0.59,0.6,0.57,0.575,1103189
RMR.AX,16-Mar-2012,0.004,0.004,0.004,0.004,5639069
RMRO.AX,16-Mar-2012,0.001,0.001,0.001,0.001,0
RMS.AX,16-Mar-2012,0.89,0.91,0.885,0.9,2232932
RMT.AX,16-Mar-2012,0.023,0.023,0.023,0.023,0
RMX.AX,16-Mar-2012,0.135,0.135,0.135,0.135,173300
RND.AX,16-Mar-2012,0.42,0.42,0.42,0.42,0
RNI.AX,16-Mar-2012,0.42,0.44,0.415,0.43,1231716
RNS.AX,16-Mar-2012,0.24,0.245,0.24,0.245,44556
RNU.AX,16-Mar-2012,0.07,0.07,0.07,0.07,15000
RNY.AX,16-Mar-2012,0.135,0.135,0.13,0.13,56900
ROG.AX,16-Mar-2012,0.007,0.007,0.007,0.007,1450000
ROY.AX,16-Mar-2012,0.135,0.135,0.13,0.13,94108
RPG.AX,16-Mar-2012,0.4,0.4,0.4,0.4,0
RRL.AX,16-Mar-2012,4.23,4.27,4.16,4.17,3042069
RRP.AX,16-Mar-2012,0.08,0.08,0.08,0.08,125000
RRS.AX,16-Mar-2012,0.22,0.23,0.215,0.215,3118779
RSG.AX,16-Mar-2012,2.02,2.05,2.01,2.04,19381505
RSM.AX,16-Mar-2012,20.02,20.02,20.02,20.02,0
RTR.AX,16-Mar-2012,0.245,0.26,0.245,0.26,40800
RUB.AX,16-Mar-2012,0.03,0.03,0.03,0.03,1000
RUL.AX,16-Mar-2012,0.435,0.435,0.42,0.42,74849
RUM.AX,16-Mar-2012,0.37,0.37,0.37,0.37,165556
RVA.AX,16-Mar-2012,0.54,0.57,0.54,0.57,919729
RVL.AX,16-Mar-2012,23.81,23.81,23.81,23.81,0
RVR.AX,16-Mar-2012,0.037,0.037,0.037,0.037,0
RWD.AX,16-Mar-2012,0.8,0.8,0.775,0.78,112082
RWH.AX,16-Mar-2012,1.96,1.96,1.95,1.95,10002
RXL.AX,16-Mar-2012,0.025,0.025,0.025,0.025,100000
RXM.AX,16-Mar-2012,1.35,1.365,1.315,1.365,251066
RXP.AX,16-Mar-2012,0.55,0.55,0.55,0.55,0
SAI.AX,16-Mar-2012,4.86,4.9,4.82,4.85,884153
SAR.AX,16-Mar-2012,0.57,0.585,0.565,0.58,6670739
SAU.AX,16-Mar-2012,0.045,0.047,0.043,0.043,172650
SAY.AX,16-Mar-2012,0.035,0.035,0.035,0.035,0
SBI.AX,16-Mar-2012,0.05,0.05,0.05,0.05,0
SBKHB.AX,16-Mar-2012,62.5,62.5,62.5,62.5,0
SBM.AX,16-Mar-2012,2.11,2.14,2.1,2.1,2100382
SBN.AX,16-Mar-2012,0.001,0.001,0.001,0.001,0
SBR.AX,16-Mar-2012,0.125,0.125,0.125,0.125,0
SBU.AX,16-Mar-2012,0.09,0.09,0.09,0.09,0
SBUO.AX,16-Mar-2012,0.011,0.011,0.011,0.011,0
SCI.AX,16-Mar-2012,0.13,0.13,0.13,0.13,0
SDG.AX,16-Mar-2012,0.725,0.745,0.725,0.725,79181
SDI.AX,16-Mar-2012,0.125,0.125,0.125,0.125,18843
SDL.AX,16-Mar-2012,0.41,0.415,0.41,0.41,11543767
SDM.AX,16-Mar-2012,2.32,2.36,2.31,2.31,99689
SEA.AX,16-Mar-2012,0.75,0.765,0.73,0.74,1002227
SEG.AX,16-Mar-2012,0.038,0.038,0.038,0.038,200000
SEH.AX,16-Mar-2012,0.075,0.076,0.075,0.076,701512
SEK.AX,16-Mar-2012,7.03,7.04,6.92,6.94,1034194
SEKKOP.AX,16-Mar-2012,1.195,1.195,1.195,1.195,0
SEN.AX,16-Mar-2012,0.024,0.024,0.024,0.024,80000
SER.AX,16-Mar-2012,0.125,0.125,0.115,0.12,858395
SFC.AX,16-Mar-2012,3.36,3.36,3.36,3.36,0
SFH.AX,16-Mar-2012,0.49,0.5,0.48,0.5,89000
SFN.AX,16-Mar-2012,0.74,0.74,0.74,0.74,5000
SFR.AX,16-Mar-2012,8,8.1,7.99,7.99,639004
SFRKOC.AX,16-Mar-2012,1.84,1.84,1.84,1.84,0
SFRKOR.AX,16-Mar-2012,4.97,4.97,4.97,4.97,0
SFX.AX,16-Mar-2012,0.42,0.42,0.4,0.4,690750
SFY.AX,16-Mar-2012,41.99,41.99,41.33,41.42,3210
SFZ.AX,16-Mar-2012,0.23,0.23,0.23,0.23,85141
SGH.AX,16-Mar-2012,1.53,1.595,1.53,1.595,637042
SGM.AX,16-Mar-2012,15.73,15.73,15.2,15.48,1105098
SGMKOQ.AX,16-Mar-2012,5.24,5.24,5.24,5.24,0
SGN.AX,16-Mar-2012,0.99,1,0.98,0.98,7232070
SGP.AX,16-Mar-2012,3.12,3.14,3.08,3.08,29238491
SGPKOP.AX,16-Mar-2012,1.135,1.135,1.135,1.135,0
SGQ.AX,16-Mar-2012,0.094,0.094,0.094,0.094,30000
SGU.AX,16-Mar-2012,0.006,0.006,0.006,0.006,0
SGZ.AX,16-Mar-2012,0.072,0.072,0.072,0.072,0
SHE.AX,16-Mar-2012,0.04,0.04,0.04,0.04,90947
SHH.AX,16-Mar-2012,0.15,0.15,0.15,0.15,6950
SHK.AX,16-Mar-2012,0.017,0.017,0.015,0.015,500000
SHL.AX,16-Mar-2012,11.59,11.59,11.43,11.52,1310098
SHU.AX,16-Mar-2012,0.32,0.32,0.32,0.32,0
SHV.AX,16-Mar-2012,1.65,1.65,1.62,1.62,35928
SIE.AX,16-Mar-2012,0.045,0.045,0.045,0.045,0
SIH.AX,16-Mar-2012,0.15,0.16,0.15,0.155,736806
SIP.AX,16-Mar-2012,0.575,0.59,0.575,0.58,2307414
SIT.AX,16-Mar-2012,0.16,0.16,0.16,0.16,93945
SIV.AX,16-Mar-2012,3.3,3.3,3.3,3.3,0
SIX.AX,16-Mar-2012,0.021,0.021,0.021,0.021,0
SKC.AX,16-Mar-2012,2.99,3.06,2.95,3.02,2182395
SKI.AX,16-Mar-2012,1.42,1.44,1.41,1.44,4117406
SKS.AX,16-Mar-2012,0.15,0.15,0.15,0.15,0
SKT.AX,16-Mar-2012,4.04,4.04,4.04,4.04,0
SLA.AX,16-Mar-2012,0.039,0.039,0.039,0.039,0
SLE.AX,16-Mar-2012,0.13,0.13,0.13,0.13,4700
SLF.AX,16-Mar-2012,7.77,7.84,7.7,7.84,36225
SLM.AX,16-Mar-2012,2.35,2.38,2.29,2.33,73722
SLR.AX,16-Mar-2012,3.47,3.5,3.33,3.37,2761345
SLX.AX,16-Mar-2012,3.5,3.8,3.5,3.8,327548
SMA.AX,16-Mar-2012,0.018,0.019,0.018,0.019,572412
SMC.AX,16-Mar-2012,0.03,0.03,0.03,0.03,0
SMD.AX,16-Mar-2012,0.082,0.082,0.082,0.082,0
SMM.AX,16-Mar-2012,1.61,1.61,1.61,1.61,0
SMN.AX,16-Mar-2012,0.063,0.063,0.063,0.063,0
SMR.AX,16-Mar-2012,0.8,0.81,0.77,0.78,127765
SMX.AX,16-Mar-2012,5.35,5.35,5.2,5.26,677236
SND.AX,16-Mar-2012,0.5,0.5,0.5,0.5,6500
SNL.AX,16-Mar-2012,0.85,0.85,0.85,0.85,10000
SNR.AX,16-Mar-2012,0.026,0.026,0.026,0.026,0
SNV.AX,16-Mar-2012,0.009,0.009,0.009,0.009,90000
SNY.AX,16-Mar-2012,0.27,0.29,0.27,0.29,44000
SOC.AX,16-Mar-2012,0.24,0.25,0.24,0.25,47000
SOF.AX,16-Mar-2012,0.035,0.035,0.035,0.035,0
SOI.AX,16-Mar-2012,0.004,0.004,0.004,0.004,0
SOL.AX,16-Mar-2012,13.54,13.72,13.54,13.61,12266
SOM.AX,16-Mar-2012,0.95,0.97,0.95,0.97,19000
SOR.AX,16-Mar-2012,0.042,0.042,0.042,0.042,0
SPFKOC.AX,16-Mar-2012,2.18,2.18,2.18,2.18,0
SPFKOD.AX,16-Mar-2012,2.5,2.5,2.5,2.5,0
SPFKOG.AX,16-Mar-2012,1.57,1.57,1.57,1.57,0
SPFKOX.AX,16-Mar-2012,0.995,0.995,0.995,0.995,0
SPH.AX,16-Mar-2012,3,3,3,3,0
SPI.AX,16-Mar-2012,0.1,0.1,0.1,0.1,50000
SPL.AX,16-Mar-2012,1.57,1.62,1.53,1.615,2062659
SPQ.AX,16-Mar-2012,0.055,0.055,0.055,0.055,0
SRH.AX,16-Mar-2012,0.115,0.115,0.115,0.115,29963
SRI.AX,16-Mar-2012,0.13,0.135,0.125,0.13,406400
SRK.AX,16-Mar-2012,0.21,0.21,0.21,0.21,53000
SRQ.AX,16-Mar-2012,0.58,0.585,0.575,0.575,7378629
SRR.AX,16-Mar-2012,0.053,0.053,0.053,0.053,616160
SRV.AX,16-Mar-2012,3,3,3,3,255380
SRX.AX,16-Mar-2012,5.11,5.35,5.11,5.35,46215
SRZ.AX,16-Mar-2012,0.13,0.13,0.13,0.13,100000
SSL.AX,16-Mar-2012,3.75,3.75,3.75,3.75,0
SSLPA.AX,16-Mar-2012,1.02,1.02,1.02,1.02,0
SSM.AX,16-Mar-2012,0.37,0.39,0.37,0.38,636795
SSN.AX,16-Mar-2012,0.13,0.13,0.125,0.125,3650734
SSO.AX,16-Mar-2012,13.19,13.19,13.19,13.19,0
SST.AX,16-Mar-2012,25.6,25.8,25.6,25.8,751
STO.AX,16-Mar-2012,14.6,14.61,14.42,14.46,5023363
STOKOD.AX,16-Mar-2012,3.06,3.06,3.06,3.06,0
STOKOE.AX,16-Mar-2012,2.82,2.82,2.82,2.82,0
STOKOR.AX,16-Mar-2012,2.78,2.78,2.78,2.78,0
STS.AX,16-Mar-2012,0.845,0.845,0.79,0.79,29558
STW.AX,16-Mar-2012,40.44,40.44,40.22,40.34,134144
STX.AX,16-Mar-2012,0.195,0.195,0.185,0.19,907783
SUH.AX,16-Mar-2012,0.22,0.22,0.22,0.22,15000
SUL.AX,16-Mar-2012,7.56,7.61,7.39,7.39,980270
SUM.AX,16-Mar-2012,0.125,0.13,0.125,0.13,24000
SUN.AX,16-Mar-2012,8.34,8.34,8.17,8.24,4713638
SUNKOD.AX,16-Mar-2012,1.32,1.32,1.32,1.32,0
SUNKOQ.AX,16-Mar-2012,3.15,3.15,3.15,3.15,0
SUR.AX,16-Mar-2012,0.022,0.023,0.022,0.022,4103400
SVL.AX,16-Mar-2012,0.13,0.13,0.125,0.125,348125
SVM.AX,16-Mar-2012,0.19,0.19,0.19,0.19,0
SVS.AX,16-Mar-2012,0.35,0.35,0.35,0.35,0
SVW.AX,16-Mar-2012,9.89,9.97,9.66,9.68,605090
SVWPA.AX,16-Mar-2012,85.3,85.5,85.3,85.5,1354
SWK.AX,16-Mar-2012,0.35,0.355,0.34,0.355,399680
SWL.AX,16-Mar-2012,2.15,2.15,2.13,2.14,117713
SWM.AX,16-Mar-2012,3.67,3.73,3.66,3.73,2691515
SWMKOA.AX,16-Mar-2012,1.94,1.94,1.94,1.94,0
SWMKOP.AX,16-Mar-2012,1.32,1.32,1.32,1.32,0
SWR.AX,16-Mar-2012,0.105,0.105,0.105,0.105,0
SXE.AX,16-Mar-2012,1.09,1.14,1.085,1.12,77872
SXL.AX,16-Mar-2012,1.41,1.42,1.35,1.37,5601644
SXT.AX,16-Mar-2012,0.24,0.275,0.23,0.275,192500
SXX.AX,16-Mar-2012,0.018,0.018,0.018,0.018,0
SXY.AX,16-Mar-2012,1.09,1.115,1.075,1.105,26317758
SYD.AX,16-Mar-2012,2.73,2.74,2.68,2.7,6156113
SYDKOA.AX,16-Mar-2012,0.795,0.795,0.795,0.795,0
SYI.AX,16-Mar-2012,22.96,22.96,22.9,22.95,8234
SYP.AX,16-Mar-2012,0.001,0.002,0.001,0.002,3572774
SYR.AX,16-Mar-2012,0.7,0.8,0.7,0.77,347484
SYS.AX,16-Mar-2012,0.006,0.006,0.006,0.006,944652
TAG.AX,16-Mar-2012,0.26,0.26,0.26,0.26,0
TAH.AX,16-Mar-2012,2.69,2.7,2.68,2.7,3596455
TAHKOA.AX,16-Mar-2012,0.925,0.925,0.925,0.925,0
TAHKOB.AX,16-Mar-2012,0.525,0.525,0.525,0.525,0
TAHKOP.AX,16-Mar-2012,0.685,0.685,0.685,0.685,0
TAM.AX,16-Mar-2012,0.81,0.82,0.79,0.8,4068811
TAP.AX,16-Mar-2012,0.82,0.83,0.81,0.81,588628
TAR.AX,16-Mar-2012,0.19,0.19,0.19,0.19,80000
TAS.AX,16-Mar-2012,0.145,0.145,0.14,0.14,9000
TAU.AX,16-Mar-2012,0.13,0.13,0.13,0.13,0
TAW.AX,16-Mar-2012,0.033,0.036,0.033,0.036,4608767
TBR.AX,16-Mar-2012,1.4,1.4,1.375,1.375,12000
TCL.AX,16-Mar-2012,5.75,5.8,5.74,5.75,3856063
TCN.AX,16-Mar-2012,0.035,0.035,0.035,0.035,0
TCO.AX,16-Mar-2012,0.55,0.55,0.55,0.55,0
TDO.AX,16-Mar-2012,0.075,0.075,0.075,0.075,13000
TDX.AX,16-Mar-2012,0.001,0.001,0.001,0.001,0
TEG.AX,16-Mar-2012,0.017,0.017,0.017,0.017,2490000
TEN.AX,16-Mar-2012,0.82,0.825,0.815,0.82,3364720
TEX.AX,16-Mar-2012,0.09,0.09,0.09,0.09,110000
TFC.AX,16-Mar-2012,0.555,0.555,0.545,0.545,75410
TGA.AX,16-Mar-2012,1.63,1.635,1.61,1.615,1666149
TGG.AX,16-Mar-2012,0.71,0.715,0.71,0.71,45749
TGP.AX,16-Mar-2012,0.665,0.665,0.665,0.665,0
TGR.AX,16-Mar-2012,1.335,1.35,1.33,1.335,99623
TGS.AX,16-Mar-2012,0.405,0.405,0.395,0.395,727585
TGZ.AX,16-Mar-2012,2.4,2.45,2.38,2.4,958432
THO.AX,16-Mar-2012,0.185,0.185,0.185,0.185,165000
THR.AX,16-Mar-2012,0.028,0.028,0.025,0.025,5649833
THX.AX,16-Mar-2012,0.135,0.14,0.13,0.13,129814
TIG.AX,16-Mar-2012,0.3,0.3,0.3,0.3,24000
TIS.AX,16-Mar-2012,0.35,0.37,0.35,0.37,68000
TKG.AX,16-Mar-2012,0.13,0.14,0.13,0.14,26400
TKL.AX,16-Mar-2012,0.09,0.09,0.09,0.09,0
TLG.AX,16-Mar-2012,0.18,0.21,0.18,0.21,344000
TLM.AX,16-Mar-2012,0.535,0.545,0.535,0.54,78312
TLS.AX,16-Mar-2012,3.25,3.28,3.25,3.26,51526730
TLSKOB.AX,16-Mar-2012,0.35,0.35,0.32,0.32,205500
TLSKOP.AX,16-Mar-2012,0.635,0.635,0.635,0.635,0
TLSKOQ.AX,16-Mar-2012,0.84,0.84,0.84,0.84,0
TME.AX,16-Mar-2012,2.64,2.64,2.61,2.64,54586
TMK.AX,16-Mar-2012,0.001,0.001,0.001,0.001,50500000
TMM.AX,16-Mar-2012,1.6,1.6,1.6,1.6,274
TMX.AX,16-Mar-2012,0.025,0.025,0.025,0.025,140000
TMZ.AX,16-Mar-2012,0.075,0.075,0.075,0.075,22050
TNE.AX,16-Mar-2012,1.055,1.07,1.055,1.07,44258
TNG.AX,16-Mar-2012,0.09,0.092,0.086,0.092,214666
TNP.AX,16-Mar-2012,0.02,0.022,0.02,0.022,302929
TNR.AX,16-Mar-2012,0.002,0.002,0.002,0.002,1000000
TOE.AX,16-Mar-2012,0.082,0.082,0.08,0.081,1070775
TON.AX,16-Mar-2012,0.029,0.035,0.029,0.034,510000
TOX.AX,16-Mar-2012,2.63,2.68,2.61,2.68,963741
TPC.AX,16-Mar-2012,0.066,0.066,0.066,0.066,0
TPI.AX,16-Mar-2012,0.77,0.775,0.74,0.75,4508797
TPM.AX,16-Mar-2012,1.635,1.665,1.63,1.64,1166616
TPR.AX,16-Mar-2012,0.06,0.06,0.06,0.06,250000
TRM.AX,16-Mar-2012,0.11,0.11,0.11,0.11,4000
TRS.AX,16-Mar-2012,12.8,12.88,12.74,12.76,123203
TRY.AX,16-Mar-2012,4.6,4.6,4.52,4.53,99414
TSM.AX,16-Mar-2012,0.36,0.36,0.345,0.36,889097
TSN.AX,16-Mar-2012,0.01,0.011,0.01,0.011,5030945
TSV.AX,16-Mar-2012,0.013,0.014,0.013,0.013,1086000
TTA.AX,16-Mar-2012,0.06,0.06,0.06,0.06,0
TTE.AX,16-Mar-2012,0.012,0.012,0.012,0.012,5410833
TTI.AX,16-Mar-2012,0.037,0.037,0.037,0.037,0
TTN.AX,16-Mar-2012,0.8,0.8,0.8,0.8,0
TTS.AX,16-Mar-2012,2.37,2.39,2.36,2.38,5428392
TWD.AX,16-Mar-2012,1.99,2,1.99,2,54169
TWE.AX,16-Mar-2012,4.14,4.16,4.09,4.11,2357010
TWH.AX,16-Mar-2012,0.01,0.01,0.01,0.01,1100000
TWR.AX,16-Mar-2012,1.355,1.4,1.355,1.4,13415
TYO.AX,16-Mar-2012,0.335,0.335,0.335,0.335,0
TZL.AX,16-Mar-2012,0.32,0.325,0.32,0.325,64607
TZN.AX,16-Mar-2012,0.12,0.125,0.12,0.125,16338
UBI.AX,16-Mar-2012,0.75,0.75,0.745,0.745,34154
UCM.AX,16-Mar-2012,0.085,0.085,0.085,0.085,0
UEQ.AX,16-Mar-2012,0.048,0.048,0.047,0.047,98379
UGL.AX,16-Mar-2012,12.69,12.69,12.51,12.62,628183
UML.AX,16-Mar-2012,0.155,0.165,0.155,0.165,1530104
UNS.AX,16-Mar-2012,0.525,0.53,0.525,0.525,395760
UNV.AX,16-Mar-2012,0.23,0.23,0.22,0.23,207262
UOS.AX,16-Mar-2012,0.415,0.415,0.415,0.415,0
USA.AX,16-Mar-2012,0.115,0.115,0.11,0.11,102782
USD.AX,16-Mar-2012,9.47,9.47,9.45,9.45,25853
USH.AX,16-Mar-2012,0.205,0.205,0.205,0.205,0
UUL.AX,16-Mar-2012,0.08,0.08,0.08,0.08,0
UXC.AX,16-Mar-2012,0.48,0.485,0.48,0.485,111145
VAH.AX,16-Mar-2012,0.47,0.48,0.455,0.465,13993661
VAP.AX,16-Mar-2012,47.86,47.94,47.79,47.79,2520
VAS.AX,16-Mar-2012,55.19,55.55,55.19,55.46,11453
VEC.AX,16-Mar-2012,0.095,0.096,0.093,0.094,564181
VEI.AX,16-Mar-2012,0.3,0.3,0.29,0.29,78165
VELCP.AX,16-Mar-2012,5.5,5.5,5.5,5.5,0
VELPA.AX,16-Mar-2012,3,3,3,3,0
VEU.AX,16-Mar-2012,42.59,42.59,42.45,42.45,3089
VHY.AX,16-Mar-2012,48.79,48.83,48.71,48.83,2069
VIA.AX,16-Mar-2012,0.88,0.88,0.88,0.88,0
VIE.AX,16-Mar-2012,0.225,0.225,0.225,0.225,23700
VII.AX,16-Mar-2012,0.25,0.25,0.25,0.25,0
VIP.AX,16-Mar-2012,0.15,0.15,0.15,0.15,0
VKA.AX,16-Mar-2012,0.11,0.11,0.105,0.11,22999
VLA.AX,16-Mar-2012,0.37,0.39,0.365,0.365,57500
VLC.AX,16-Mar-2012,46.06,46.06,46.06,46.06,0
VLW.AX,16-Mar-2012,0.91,0.91,0.91,0.91,4761
VMC.AX,16-Mar-2012,0.3,0.3,0.3,0.3,0
VMG.AX,16-Mar-2012,0.07,0.073,0.07,0.072,1764577
VML.AX,16-Mar-2012,0.05,0.05,0.05,0.05,0
VMS.AX,16-Mar-2012,0.35,0.355,0.34,0.35,393364
VMT.AX,16-Mar-2012,0.013,0.014,0.013,0.013,216672
VOC.AX,16-Mar-2012,1.81,1.835,1.81,1.835,42098
VRL.AX,16-Mar-2012,3.2,3.25,3.2,3.2,77315
VRX.AX,16-Mar-2012,0.72,0.73,0.71,0.73,325536
VSC.AX,16-Mar-2012,0.315,0.315,0.315,0.315,1750
VSO.AX,16-Mar-2012,47.04,47.04,47.04,47.04,0
VTG.AX,16-Mar-2012,0.235,0.245,0.235,0.24,2075077
VTM.AX,16-Mar-2012,0.27,0.27,0.27,0.27,8500
VTS.AX,16-Mar-2012,68.56,68.77,68.5,68.65,2163
VTX.AX,16-Mar-2012,0.002,0.002,0.002,0.002,3500000
VXR.AX,16-Mar-2012,0.073,0.075,0.072,0.075,587400
WAA.AX,16-Mar-2012,1.08,1.08,1.08,1.08,3000
WAC.AX,16-Mar-2012,0.13,0.13,0.13,0.13,0
WAF.AX,16-Mar-2012,0.34,0.34,0.325,0.325,69000
WAL.AX,16-Mar-2012,0.22,0.22,0.22,0.22,0
WAM.AX,16-Mar-2012,1.585,1.595,1.57,1.595,40152
WAT.AX,16-Mar-2012,1.05,1.05,1.05,1.05,2500
WAX.AX,16-Mar-2012,0.765,0.765,0.765,0.765,183050
WBA.AX,16-Mar-2012,0.49,0.49,0.49,0.49,0
WBAPA.AX,16-Mar-2012,1.31,1.31,1.31,1.31,0
WBC.AX,16-Mar-2012,20.97,21.18,20.9,21.13,11130200
WBCKOG.AX,16-Mar-2012,2,2,2,2,7000
WBCKOP.AX,16-Mar-2012,4.88,4.88,4.88,4.88,0
WBCLOC.AX,16-Mar-2012,1.945,1.945,1.945,1.945,0
WCB.AX,16-Mar-2012,4.07,4.12,4.07,4.12,20479
WCN.AX,16-Mar-2012,0.063,0.063,0.063,0.063,26000
WCP.AX,16-Mar-2012,0.086,0.086,0.081,0.081,197000
WCTPA.AX,16-Mar-2012,87,87.999,86.71,87.045,2621
WDC.AX,16-Mar-2012,8.86,8.86,8.72,8.72,12605474
WDS.AX,16-Mar-2012,0.67,0.68,0.67,0.68,84495
WEB.AX,16-Mar-2012,3,3.08,2.95,2.95,857658
WEC.AX,16-Mar-2012,0.36,0.38,0.355,0.365,13132924
WES.AX,16-Mar-2012,29,29.1,28.85,29.07,3650186
WESKOC.AX,16-Mar-2012,3.4,3.4,3.4,3.4,0
WESLOB.AX,16-Mar-2012,6.25,6.25,6.25,6.25,0
WESLOQ.AX,16-Mar-2012,6.3,6.3,6.3,6.3,0
WFA.AX,16-Mar-2012,2.44,2.44,2.44,2.44,0
WFE.AX,16-Mar-2012,0.13,0.135,0.125,0.125,440744
WGO.AX,16-Mar-2012,0.26,0.26,0.26,0.26,467000
WHC.AX,16-Mar-2012,5.47,5.47,5.32,5.35,2712234
WHCKOA.AX,16-Mar-2012,2.02,2.02,2.02,2.02,0
WHCKOB.AX,16-Mar-2012,1.26,1.26,1.26,1.26,0
WHE.AX,16-Mar-2012,0.125,0.125,0.125,0.125,275000
WHF.AX,16-Mar-2012,2.66,2.66,2.62,2.62,24550
WHFPA.AX,16-Mar-2012,1.345,1.345,1.345,1.345,0
WHN.AX,16-Mar-2012,0.05,0.051,0.048,0.051,13613883
WHNO.AX,16-Mar-2012,0.01,0.012,0.01,0.011,450595
WIC.AX,16-Mar-2012,0.975,0.975,0.975,0.975,7000
WIG.AX,16-Mar-2012,0.33,0.33,0.325,0.325,24539
WLF.AX,16-Mar-2012,0.35,0.35,0.35,0.35,0
WLL.AX,16-Mar-2012,2.39,2.4,2.34,2.34,15040
WMN.AX,16-Mar-2012,0.43,0.45,0.43,0.45,44013
WNS.AX,16-Mar-2012,0.014,0.014,0.014,0.014,0
WOR.AX,16-Mar-2012,29.49,29.55,29.07,29.3,834890
WORKOA.AX,16-Mar-2012,6.27,6.27,6.27,6.27,0
WOW.AX,16-Mar-2012,25.58,25.74,25.56,25.67,4278763
WOWHC.AX,16-Mar-2012,103.77,104,103.71,103.71,4412
WPG.AX,16-Mar-2012,0.089,0.09,0.089,0.089,509779
WPI.AX,16-Mar-2012,0.25,0.27,0.25,0.25,190000
WPL.AX,16-Mar-2012,35.15,35.4,35.15,35.2,2241575
WPLKOB.AX,16-Mar-2012,10.8,10.8,10.8,10.8,0
WPLKOH.AX,16-Mar-2012,9.63,9.63,9.63,9.63,0
WPLKOQ.AX,16-Mar-2012,9.08,9.08,9.08,9.08,0
WPLKOW.AX,16-Mar-2012,5.85,5.85,5.85,5.85,0
WPLLOA.AX,16-Mar-2012,4.2,4.2,4.2,4.2,0
WRG.AX,16-Mar-2012,0.083,0.083,0.083,0.083,102000
WRM.AX,16-Mar-2012,0.14,0.14,0.14,0.14,63500
WRR.AX,16-Mar-2012,0.004,0.004,0.004,0.004,650000
WRT.AX,16-Mar-2012,2.48,2.49,2.46,2.47,15395271
WSA.AX,16-Mar-2012,5.6,5.62,5.47,5.47,634051
WSF.AX,16-Mar-2012,15.6,15.6,15.6,15.6,0
WTP.AX,16-Mar-2012,1.035,1.05,1.03,1.04,451551
WTR.AX,16-Mar-2012,0.32,0.32,0.32,0.32,71876
WVL.AX,16-Mar-2012,0.17,0.17,0.17,0.17,0
WWI.AX,16-Mar-2012,0.035,0.035,0.035,0.035,0
XAF.AX,16-Mar-2012,4225,4228.6,4210.1,4226.4,0
XAM.AX,16-Mar-2012,0.35,0.35,0.34,0.34,78400
XAO.AX,16-Mar-2012,4366.9,4373.5,4354.6,4364.7,0
XAT.AX,16-Mar-2012,4268.1,4273.8,4254.3,4267.1,0
XBW.AX,16-Mar-2012,57938.8,57938.8,57938.8,57938.8,0
XDJ.AX,16-Mar-2012,1297.3,1298.6,1291.6,1291.6,0
XEJ.AX,16-Mar-2012,14195.1,14227,14078.7,14129,0
XFJ.AX,16-Mar-2012,4062.4,4075.7,4049.4,4072.9,0
XFL.AX,16-Mar-2012,4254.9,4258.7,4239.8,4256.1,0
XGD.AX,16-Mar-2012,6295.4,6312.8,6275.1,6288.4,0
XHJ.AX,16-Mar-2012,8266.5,8303.2,8261.9,8261.9,0
XIJ.AX,16-Mar-2012,535.5,537.9,529.5,533.3,0
XJO.AX,16-Mar-2012,4277.8,4283.6,4263.8,4276.2,0
XJOKOA.AX,16-Mar-2012,2.54,2.54,2.54,2.54,0
XJOKOC.AX,16-Mar-2012,3.76,3.76,3.63,3.63,53200
XJOKOD.AX,16-Mar-2012,4.4,4.4,4.4,4.4,0
XJOKOF.AX,16-Mar-2012,4.5,4.5,4.5,4.5,0
XJOKOG.AX,16-Mar-2012,6.82,6.82,6.82,6.82,5000
XJOKOU.AX,16-Mar-2012,2.68,2.75,2.68,2.75,50000
XJOKOX.AX,16-Mar-2012,3.13,3.13,3.13,3.13,0
XJOKOY.AX,16-Mar-2012,3.04,3.04,3.04,3.04,35500
XJOLOS.AX,16-Mar-2012,6.69,6.69,6.69,6.69,0
XJOLOU.AX,16-Mar-2012,2.08,2.08,2.08,2.08,8000
XKO.AX,16-Mar-2012,4280.8,4286.9,4267.7,4279.5,0
XMD.AX,16-Mar-2012,3905.9,3918.9,3888.4,3888.4,0
XMJ.AX,16-Mar-2012,11100.3,11109.4,11023.5,11045.3,0
XMM.AX,16-Mar-2012,3938.9,3940.9,3908.7,3917.1,0
XNJ.AX,16-Mar-2012,3804.4,3816.1,3792.3,3797,0
XPJ.AX,16-Mar-2012,827.4,827.5,817.1,817.1,0
XRF.AX,16-Mar-2012,0.255,0.255,0.255,0.255,19000
XSJ.AX,16-Mar-2012,7424.9,7476.4,7424.9,7466.6,0
XSO.AX,16-Mar-2012,2509,2524,2503.3,2506.5,0
XST.AX,16-Mar-2012,0.085,0.085,0.085,0.085,69221
XTE.AX,16-Mar-2012,0.03,0.03,0.03,0.03,0
XTJ.AX,16-Mar-2012,1117.4,1127.7,1117.4,1119.9,0
XTL.AX,16-Mar-2012,2530.1,2535.1,2523.4,2535.1,0
XTO.AX,16-Mar-2012,3478.3,3482,3466,3477.5,0
XUJ.AX,16-Mar-2012,4792.1,4811.5,4778.4,4802.7,0
XXJ.AX,16-Mar-2012,4665.1,4691,4655.2,4691,0
YBR.AX,16-Mar-2012,0.27,0.27,0.27,0.27,0
YHL.AX,16-Mar-2012,0.1,0.1,0.1,0.1,0
YRR.AX,16-Mar-2012,0.018,0.02,0.018,0.02,236737
ZAM.AX,16-Mar-2012,0.25,0.25,0.25,0.25,0
ZCLKOB.AX,16-Mar-2012,2.42,2.42,2.42,2.42,0
ZCLKOC.AX,16-Mar-2012,3.07,3.07,3.07,3.07,1500
ZCLKOP.AX,16-Mar-2012,1.18,1.18,1.18,1.18,0
ZGL.AX,16-Mar-2012,0.21,0.215,0.21,0.215,154391
ZGM.AX,16-Mar-2012,0.045,0.045,0.043,0.045,83996
ZIM.AX,16-Mar-2012,10.5,10.5,10.5,10.5,1348
ZMG.AX,16-Mar-2012,0.05,0.05,0.05,0.05,0
ZNC.AX,16-Mar-2012,0.325,0.325,0.325,0.325,48283
ZRL.AX,16-Mar-2012,0.011,0.013,0.011,0.013,23573960
ZYL.AX,16-Mar-2012,0.22,0.225,0.215,0.225,981789
